,email,outfitter,state
0,,Archery Connection,{u'stateAbv': u'AL'}
1,,Cabela's,{u'stateAbv': u'AK'}
2,mailto:kodiak-outfitters@alaska.com,Cy's Sporting Goods,{u'stateAbv': u'AK'}
3,,Archer's Den,{u'stateAbv': u'AK'}
4,,Wasp Archery Products Inc,{u'stateAbv': u'CT'}
5,mailto:shop@bluewaterhunter.com,Blue Water Hunter,{u'stateAbv': u'HI'}
6,,Island Archer,{u'stateAbv': u'HI'}
7,mailto:tokunaga@hialoha.net,Tokunaga S Store,{u'stateAbv': u'HI'}
8,mailto:alanna.dunaway@gmail.com,Willow Creek Archery,{u'stateAbv': u'CA'}
9,mailto:hwarchery@hotmail.com,H & W Archery,{u'stateAbv': u'CA'}
10,,Arrowhead Archery,{u'stateAbv': u'KS'}
11,mailto:archerybros@msn.com,Southern Oregon Archery LLC,{u'stateAbv': u'CA'}
12,mailto:sportsmanscove@live.com,Sportsman's Cove,{u'stateAbv': u'IN'}
13,,Bill's Outdoor Sports,{u'stateAbv': u'KS'}
14,,Buddy's Archery,{u'stateAbv': u'KS'}
15,,Lay's Archery,{u'stateAbv': u'KS'}
16,,CUPID'S GATE ARCHERY,{u'stateAbv': u'CA'}
17,mailto:jenny@heartlandoutdoor.com,Heartland Outdoor,{u'stateAbv': u'KS'}
18,mailto:harolddean@live.com,Loess Hills Outfitters,{u'stateAbv': u'IA'}
19,mailto:vanessiamatney@yahoo.com,Grizzlys Outdoor Trading Post,{u'stateAbv': u'IA'}
20,mailto:metzgersoutdoor@netamumail.com,Metzger's Outdoors,{u'stateAbv': u'IA'}
21,,H and H Archery,{u'stateAbv': u'LA'}
22,mailto:theshootingshopllc@longlines.com,The Shooting Shop,{u'stateAbv': u'IA'}
23,mailto:buffalocreek@nckcn.com,Buffalo Creek Firearms,{u'stateAbv': u'KS'}
24,mailto:Mistie@grsprop.com,Parc Lafayette,{u'stateAbv': u'LA'}
25,,H & H Archery,{u'stateAbv': u'LA'}
26,mailto:pookiesarchery@gmail.com,Pookies Archery & Guns,{u'stateAbv': u'LA'}
27,mailto:nathan@southernarcheryoutfitters.com,Southern Archery,{u'stateAbv': u'IA'}
28,mailto:cypresskneeoutdoors@cp-tel.net,Cypress Knee Outdoors,{u'stateAbv': u'LA'}
29,mailto:sales@mcneelyshunting.com,McNeely's Archery,{u'stateAbv': u'LA'}
30,,Mathews Inc,{u'stateAbv': u'LA'}
31,,Outdoor Specialties,{u'stateAbv': u'LA'}
32,,Cabela's,{u'stateAbv': u'LA'}
33,mailto:retail@bowieoutfitters.com,Bowie Outfitters,{u'stateAbv': u'LA'}
34,mailto:kemosabiarchery@gmail.com,Kemo Sabi Archery Supply,{u'stateAbv': u'LA'}
35,mailto:kensbayouarchery@bellsouth.net,Ken's Bayou Archery,{u'stateAbv': u'LA'}
36,mailto:info@lafayetteshooters.com,Lafayette Shooters Wilderness & Western Wear,{u'stateAbv': u'LA'}
37,,Archery & Fishing Unlimited-Sportsworld,{u'stateAbv': u'LA'}
38,,Jeff's Guns,{u'stateAbv': u'LA'}
39,,Coastal Outfitters,{u'stateAbv': u'LA'}
40,mailto:hharchery@yahoo.com,Hoot & Holler Archery,{u'stateAbv': u'LA'}
41,mailto:eunicearchery@outlook.com,Eunice Archery & Range,{u'stateAbv': u'LA'}
42,mailto:starpawn83@yahoo.com,Star Pawn & Gun,{u'stateAbv': u'LA'}
43,mailto:karchery@yahoo.com,Archery Outfitters,{u'stateAbv': u'LA'}
44,,Chag's Sporting Goods,{u'stateAbv': u'LA'}
45,mailto:ed@redviermarineinc.com,Red River Marine,{u'stateAbv': u'LA'}
46,mailto:info@lafayetteshooters.com,Lafayette Shooters,{u'stateAbv': u'LA'}
47,mailto:hewittsarchery@yahoo.com,Hewitt's Archery & Pro Shop,{u'stateAbv': u'LA'}
48,mailto:brad@louisiana-outdoors.com,Louisiana Outdoors,{u'stateAbv': u'LA'}
49,,McKinney Honda-Kawasaki,{u'stateAbv': u'LA'}
50,mailto:info@puglias-sporting-goods.com,Puglia's Sporting Goods,{u'stateAbv': u'LA'}
51,mailto:tony@tssports.com,Songy's Sporting Goods Inc,{u'stateAbv': u'LA'}
52,,Crazy Horse Archery & Tackle,{u'stateAbv': u'KY'}
53,,Frank Miller & Son Sporting Goods,{u'stateAbv': u'KY'}
54,mailto:amerihunt825@bellsouth.net,American Hunter Gun & Archery Shop,{u'stateAbv': u'LA'}
55,,Sportsman Headquarters,{u'stateAbv': u'KY'}
56,,Tomahawk Archery,{u'stateAbv': u'KY'}
57,,O'Brien's Archery,{u'stateAbv': u'KY'}
58,mailto:hintonarchery@att.net,Hinton Archery,{u'stateAbv': u'KY'}
59,,Tom's Primitive Weapons,{u'stateAbv': u'KY'}
60,,On Target Archery,{u'stateAbv': u'KY'}
61,mailto:service@gandermtn.com,Gander Mountain,{u'stateAbv': u'KY'}
62,,"ARC Precision Gunworks, LLC",{u'stateAbv': u'KY'}
63,,Kentucky Antler Company,{u'stateAbv': u'KY'}
64,mailto:jim@young-deals.com,Young Hardware & Furniture,{u'stateAbv': u'KY'}
65,mailto:bigbuck@logantele.com,D & G Hunting & Archery,{u'stateAbv': u'KY'}
66,mailto:mandmarchery@gmail.com,M & M Archery Range,{u'stateAbv': u'KY'}
67,mailto:herndonarchery@att.net,Herndon Archery,{u'stateAbv': u'KY'}
68,mailto:3riversarcheryclub@gmail.com,3 Rivers Archery Club,{u'stateAbv': u'KY'}
69,,Samples Custom Archery Shop,{u'stateAbv': u'KY'}
70,,Drake Lake Archery Range,{u'stateAbv': u'KY'}
71,mailto:timlisaf@aol.com,Aberdeen Grocery Archery & Bait Shop,{u'stateAbv': u'KY'}
72,,Hot Shotz Archery,{u'stateAbv': u'KY'}
73,mailto:kdcamo@yahoo.com,K & D's Camo Connection,{u'stateAbv': u'KY'}
74,mailto:admin@bassandbows.com,Curtsinger Sunrise Outfitters,{u'stateAbv': u'KY'}
75,mailto:AllenThomas@huntersdenarcheryshop.com,Hunters Den Archery Shop & Turkey Hunting Supply,{u'stateAbv': u'KY'}
76,mailto:kyguns@yahoo.com,Glauber's Sports,{u'stateAbv': u'KY'}
77,,Dryden's Sporting Goods & Pawn,{u'stateAbv': u'KY'}
78,,Big South Fork Outdoors,{u'stateAbv': u'KY'}
79,,,{u'stateAbv': u'KY'}
80,mailto:bardstownmills@gmail.com,Bardstown Mills,{u'stateAbv': u'KY'}
81,,No Limits Outdoors,{u'stateAbv': u'IA'}
82,,Briar & Bow,{u'stateAbv': u'IA'}
83,mailto:dan@hawkeyeoutfitters.com,Hawkeye Outfitters,{u'stateAbv': u'IA'}
84,mailto:joe@targetworld.net,Target World,{u'stateAbv': u'KY'}
85,,Southern Archery,{u'stateAbv': u'IA'}
86,,Specialty Archery,{u'stateAbv': u'IA'}
87,mailto:dave@doublelungarcheryinc.com,Double Lung Archery Inc.,{u'stateAbv': u'IA'}
88,mailto:pcastaff@plumcreekarchery.com,Plum Creek Archery,{u'stateAbv': u'IA'}
89,,After Hours Archery,{u'stateAbv': u'IA'}
90,,J-Ville Sporting Goods,{u'stateAbv': u'IA'}
91,mailto:bigoaksales@gmail.com,Big Oak Archery & Guns,{u'stateAbv': u'IA'}
92,mailto:cwyffels@borchs.com,Borch's Sporting Goods,{u'stateAbv': u'IA'}
93,mailto:jeff@tristateoutdoors.net,Tri-State Archery,{u'stateAbv': u'IA'}
94,mailto:bowman_rog@hotmail.com,Waltonian Archers,{u'stateAbv': u'IA'}
95,,Plum Creek Archery,{u'stateAbv': u'IA'}
96,,Tackle Boxx Bait & Archery,{u'stateAbv': u'IA'}
97,,Waltonian Archers,{u'stateAbv': u'IA'}
98,,J-Ville Archery,{u'stateAbv': u'IA'}
99,mailto:dave@doublelungarcheryinc.com,Double Lung Archery,{u'stateAbv': u'IA'}
100,,Archery Park,{u'stateAbv': u'IA'}
101,mailto:Bluffcreekarchery@gmail.com,Bluff Creek Archery,{u'stateAbv': u'IA'}
102,mailto:mike@mikesbowshop.com,Mike's Bow Shop LLC,{u'stateAbv': u'IA'}
103,,Raccoon Ridge Archery,{u'stateAbv': u'IA'}
104,mailto:afterhoursarchery@gmail.com,After Hours Archery,{u'stateAbv': u'IA'}
105,mailto:customerservice@magnusbroadheads.com,Magnus Inc,{u'stateAbv': u'KS'}
106,mailto:fulldrawarchery@hotmail.com,Full Draw Archery,{u'stateAbv': u'IA'}
107,,Night Owl Archery,{u'stateAbv': u'KS'}
108,,Augustine Archery,{u'stateAbv': u'KS'}
109,mailto:b2outdoors@yahoo.com,B Squared Outdoor Sports,{u'stateAbv': u'KS'}
110,,On Target Archery,{u'stateAbv': u'KS'}
111,,Bradley Scooter & Barbara,{u'stateAbv': u'KS'}
112,,Dave's Archery,{u'stateAbv': u'KS'}
113,,Votruba Archery,{u'stateAbv': u'KS'}
114,,Bowhunter Archery,{u'stateAbv': u'KS'}
115,mailto:service@gandermtn.com,Gander Mountain,{u'stateAbv': u'KS'}
116,,Diamond Archery Technology,{u'stateAbv': u'KS'}
117,mailto:todd@godfreysranges.com,Godfrey's Indoor Shooting,{u'stateAbv': u'KS'}
118,,Highplains Archery and Gun,{u'stateAbv': u'KS'}
119,mailto:kawvalleyarchery@hotmail.com,Kaw Valley Archery,{u'stateAbv': u'KS'}
120,mailto:info@bbbnebraska.org,The Gun Den,{u'stateAbv': u'KS'}
121,mailto:ryanmidwestturf@cox.net,Diamond Archery Technologies,{u'stateAbv': u'KS'}
122,,Randy's Shop,{u'stateAbv': u'KS'}
123,mailto:mobesarchery@live.com,Mobe's Archery Supply & Taxidermy,{u'stateAbv': u'KS'}
124,mailto:thogan4@hotmail.com,Central Kansas Whitetails,{u'stateAbv': u'KS'}
125,,Nick's Archery,{u'stateAbv': u'KS'}
126,mailto:info@overtonsarcherycenter.com,Overton's Archery Center,{u'stateAbv': u'KS'}
127,mailto:kcarcheryandrange@gmail.com,KC PERFORMANCE ARCHERY & RANGE,{u'stateAbv': u'KS'}
128,,Sycamore Island,{u'stateAbv': u'IN'}
129,,C S Gibbs Corp,{u'stateAbv': u'IN'}
130,,Lay's Limited Archery,{u'stateAbv': u'KS'}
131,,Indoor Outdoor Sports,{u'stateAbv': u'IN'}
132,,A Shot In The Dark,{u'stateAbv': u'IN'}
133,mailto:bassandbucksinc@gmail.com,Bass And Bucks Inc,{u'stateAbv': u'IN'}
134,,Parker's Archery,{u'stateAbv': u'IN'}
135,mailto:rlkline1@comcast.net,Galveston Archery Club,{u'stateAbv': u'IN'}
136,,Iroquois Archery & Conservation Club,{u'stateAbv': u'IN'}
137,,Ray's Archery,{u'stateAbv': u'IN'}
138,,Boars Nest,{u'stateAbv': u'IN'}
139,mailto:whitetailnut67@gmail.com,Wildlife Expressions Taxidermy,{u'stateAbv': u'IN'}
140,,Black Hawk Bowmen,{u'stateAbv': u'IN'}
141,mailto:info@izaaksb.com,Izaak Walton League - Saint Joseph County,{u'stateAbv': u'IN'}
142,mailto:thebarnarchery@gmail.com,The Barn Archery Pro Shop,{u'stateAbv': u'IN'}
143,mailto:jason@grizzlybeararchery.com,Grizzly Bear Archery,{u'stateAbv': u'IN'}
144,mailto:archerspot@wispaninternet.com,Archer's Spot & Pro Shop Inc,{u'stateAbv': u'IN'}
145,mailto:borkholderarchery@gmail.com,Borkholder Archery,{u'stateAbv': u'IN'}
146,mailto:tom@cuttingedgesportinggoods.net,Cutting Edge Sporting Goods-In,{u'stateAbv': u'IN'}
147,mailto:pete_archery@yahoo.com,PETE'S ARCHERY,{u'stateAbv': u'IN'}
148,mailto:sproshop1@embarqmail.com,Steve's Pro Shop,{u'stateAbv': u'IN'}
149,mailto:nancysbrokenarrow@gmail.com,Nancy's Broken Arrow,{u'stateAbv': u'IN'}
150,,The Bow Shop,{u'stateAbv': u'IN'}
151,,Roby's Bullseye Outdoors,{u'stateAbv': u'IN'}
152,,Deer Track Archery,{u'stateAbv': u'IN'}
153,mailto:riversidearchery@gmail.com,Riverside Archery & Range,{u'stateAbv': u'IN'}
154,mailto:becky@outdoorsmansportshop.com,Outdoorsman Sport Shop,{u'stateAbv': u'IN'}
155,,Blackhawk Field Archers,{u'stateAbv': u'IL'}
156,,Country Archery,{u'stateAbv': u'IL'}
157,mailto:anoe@apsolutions.net,Buck's & Jake's Outfitters LLC,{u'stateAbv': u'IN'}
158,,Yotes Archery Den,{u'stateAbv': u'IL'}
159,mailto:deertrackarchery@comcast.net,Deer Track Archery,{u'stateAbv': u'IN'}
160,,BowDoc Archery,{u'stateAbv': u'IL'}
161,,Rack Attack Archery,{u'stateAbv': u'IL'}
162,,Springfield Archery,{u'stateAbv': u'IL'}
163,,Taz Archery,{u'stateAbv': u'IL'}
164,,Yotes Archery Den,{u'stateAbv': u'IL'}
165,,Bowl & Arrow,{u'stateAbv': u'IL'}
166,mailto:quincybowpro@yahoo.com,Quincy Bow Pro,{u'stateAbv': u'IL'}
167,mailto:info@heartlandlodge.com,Harpole's Heartland Lodge,{u'stateAbv': u'IL'}
168,,Bowhunters Family Center,{u'stateAbv': u'IL'}
169,,Little Creek Archery,{u'stateAbv': u'IL'}
170,mailto:aiza.manuel@gmail.com,Chicago Bow Hunters Inc,{u'stateAbv': u'IL'}
171,mailto:greenuparchery@mediacombb.net,Greenup Archery Shop,{u'stateAbv': u'IL'}
172,,Ten Ring Archery,{u'stateAbv': u'IL'}
173,mailto:addisarchery@gmail.com,Addis Archery,{u'stateAbv': u'IL'}
174,mailto:foxvalleyarchery@gmail.com,Fox Valley Archery,{u'stateAbv': u'IL'}
175,,Rack Attack Archery,{u'stateAbv': u'IL'}
176,mailto:NAOArchery@yahoo.com,North American Outfitters,{u'stateAbv': u'IL'}
177,mailto:info@mcarchery.com,Cimmarron Archery,{u'stateAbv': u'IL'}
178,mailto:glissonarchery@juno.com,Glisson Archery & Pro Shop,{u'stateAbv': u'IL'}
179,,Henkel's Hook & Arrow,{u'stateAbv': u'IL'}
180,,Two Bears Custom Archery,{u'stateAbv': u'IL'}
181,,G Woods Archery,{u'stateAbv': u'IL'}
182,mailto:info@townhallarchery.com,Town Hall Archey Shop,{u'stateAbv': u'IL'}
183,,Archery Resources,{u'stateAbv': u'IL'}
184,,Archer,{u'stateAbv': u'FL'}
185,mailto:montyh@townhallarchery.com,Town Hall Archery,{u'stateAbv': u'IL'}
186,,Moriarti Armaments,{u'stateAbv': u'FL'}
187,,Vincent Jason,{u'stateAbv': u'FL'}
188,mailto:slotandwing@live.com,Hunters Haven,{u'stateAbv': u'IL'}
189,mailto:jerrysarchery@embarqmail.com,Jerry's Pay Day Loans,{u'stateAbv': u'FL'}
190,,IR Sportsman,{u'stateAbv': u'FL'}
191,mailto:info@floridaarcheryfoundation.com,Florida Archery Coach,{u'stateAbv': u'FL'}
192,,Geneva Archery,{u'stateAbv': u'FL'}
193,mailto:kevin@revolutionoffroad.com,Revolution Off Road,{u'stateAbv': u'FL'}
194,mailto:info@tpaweaponarts.com,Classical Weapon arts of Tampa,{u'stateAbv': u'FL'}
195,,Tallahassee Archery Ctr,{u'stateAbv': u'FL'}
196,mailto:centershotarchery@hotmail.com,Center Shot Archery and Guns,{u'stateAbv': u'FL'}
197,mailto:customerservice@striflersarchery.com,Strifler's Archery,{u'stateAbv': u'FL'}
198,mailto:sales@blessedarchery.com,"Blessed Archery, Inc.",{u'stateAbv': u'FL'}
199,mailto:mmarcheryandstrings@yahoo.com,M & M Archery,{u'stateAbv': u'FL'}
200,,The Archery Shop,{u'stateAbv': u'FL'}
201,,McPherson Archery & Outdoor PRO Shop,{u'stateAbv': u'FL'}
202,mailto:john@palmbeacharchery.com,Junior's Outdoor,{u'stateAbv': u'FL'}
203,mailto:info@mysite.com,Pa-Kua Center of North Miami,{u'stateAbv': u'FL'}
204,mailto:info@tampaarchery.com,Tampa Archery School,{u'stateAbv': u'FL'}
205,mailto:Alltensarchery@hotmail.com,All Tens Archery,{u'stateAbv': u'FL'}
206,,Jacksonville Archery Center,{u'stateAbv': u'FL'}
207,,,{u'stateAbv': u'FL'}
208,mailto:info@bucksgunrack.com,Buck's Gun Rack,{u'stateAbv': u'FL'}
209,mailto:jerrysarchery@embarqmail.com,Jerry's Indoor Archery Range & Army Surplus Inc,{u'stateAbv': u'FL'}
210,mailto:JW_Weaponry@yahoo.com,JW Weaponry & Outdoor,{u'stateAbv': u'FL'}
211,mailto:adventuresarchery@gmail.com,Adventures Archery LLC,{u'stateAbv': u'FL'}
212,mailto:morgans@knology.net,Mor-Guns Archery & Firearms Pro Shop,{u'stateAbv': u'FL'}
213,mailto:jppwaterhouse@gmail.com,ARCHERY BEST EDGE,{u'stateAbv': u'FL'}
214,,Redneck Archery,{u'stateAbv': u'ID'}
215,,Pend Oreille Valley Sportsman,{u'stateAbv': u'ID'}
216,mailto:jam.lin.73@gmail.com,Alachua Farm & Lumber,{u'stateAbv': u'FL'}
217,mailto:corporate@cabelas.com,Cabela's,{u'stateAbv': u'ID'}
218,,Cabela's,{u'stateAbv': u'ID'}
219,,Stone Mountain Bow Strings,{u'stateAbv': u'ID'}
220,mailto:info@alpinearchery.com,Alpine Archery Inc,{u'stateAbv': u'ID'}
221,,Archery Attic,{u'stateAbv': u'ID'}
222,,Stacey Archery Sales Inc,{u'stateAbv': u'ID'}
223,,Gem County Archery,{u'stateAbv': u'ID'}
224,mailto:info@nwponyexpress.com,Northwest Pony Express Inc,{u'stateAbv': u'ID'}
225,,Childrens Archery Challenge,{u'stateAbv': u'ID'}
226,mailto:bowjax@bowjax.com,Bowjax,{u'stateAbv': u'ID'}
227,,Vic Erickson's Super-Pro's Inc,{u'stateAbv': u'ID'}
228,,Dorsey Earl & Debi,{u'stateAbv': u'ID'}
229,,Bar-D Sports,{u'stateAbv': u'ID'}
230,,Wilde Arrow,{u'stateAbv': u'ID'}
231,mailto:contact@carterenterprises.com,Carter Enterprises,{u'stateAbv': u'ID'}
232,mailto:archerycentral@yahoo.com,Archery,{u'stateAbv': u'ID'}
233,mailto:dennis@avidarchers.com,Avid Archers Shooting Range,{u'stateAbv': u'ID'}
234,,Dream River Ranch,{u'stateAbv': u'ID'}
235,mailto:archeryidaho@cableone.net,Archery Idaho,{u'stateAbv': u'ID'}
236,,Spinti Enterprises Inc,{u'stateAbv': u'ID'}
237,,S & S Archery,{u'stateAbv': u'ID'}
238,mailto:bryansarchery1@clearwire.net,Bryan's Archery,{u'stateAbv': u'ID'}
239,mailto:tj@deadonarchery.com,Dead On Archery,{u'stateAbv': u'ID'}
240,mailto:lodiarchery@hotmail.com,Lodi Archery,{u'stateAbv': u'CA'}
241,mailto:daybreakarchery@gmail.com,"Daybreak Family Archery, LLC",{u'stateAbv': u'ID'}
242,,Archery Center Of Nv County,{u'stateAbv': u'CA'}
243,mailto:fatshaftsarchery@yahoo.com,Fat Shafts Archery,{u'stateAbv': u'CA'}
244,mailto:project-598172@localdirectorysubmit.com,Advantage Archery,{u'stateAbv': u'ID'}
245,mailto:ed.rice@outlook.com,Nevada County Sportsmen,{u'stateAbv': u'CA'}
246,mailto:nampabowchiefs@gmail.com,Nampa Bow Chiefs,{u'stateAbv': u'ID'}
247,mailto:barrysarchery@outlook.com,Barry's Archery,{u'stateAbv': u'CA'}
248,,,{u'stateAbv': u'ID'}
249,mailto:info@faitharmory.com,Faith Armory,{u'stateAbv': u'CA'}
250,,Clark's Archery,{u'stateAbv': u'CA'}
251,,Davis Archery,{u'stateAbv': u'CA'}
252,,Atwood Archery Instruction,{u'stateAbv': u'CA'}
253,mailto:info@bucksandbows.com,Bucks & Bows Archery,{u'stateAbv': u'CA'}
254,mailto:info@stagestopgunshop.com,Stage Stop Gun Shop,{u'stateAbv': u'CA'}
255,mailto:idyllwildarchery@gmail.com,Idyllwild Archery,{u'stateAbv': u'CA'}
256,,Bucksport Sporting Goods,{u'stateAbv': u'CA'}
257,mailto:predator@garlic.com,Predator's Archery,{u'stateAbv': u'CA'}
258,,Discount Gun Mart,{u'stateAbv': u'CA'}
259,mailto:info@bbbemail.org,Grundman's Sporting Goods,{u'stateAbv': u'CA'}
260,,The Bow Rack,{u'stateAbv': u'CA'}
261,mailto:calsportclub@yahoo.com,California Fencing Academy,{u'stateAbv': u'CA'}
262,,Wilderness Archery,{u'stateAbv': u'CA'}
263,,Deer Creek Archery,{u'stateAbv': u'CA'}
264,mailto:ads@wild-sports.com,Wild Sports,{u'stateAbv': u'CA'}
265,mailto:oldwest1@sweeney-emporium.com,Sweeney's Sports,{u'stateAbv': u'CA'}
266,,Riverside Archery,{u'stateAbv': u'CA'}
267,mailto:backroomarchery@yahoo.com,Back Room Archery Shop,{u'stateAbv': u'CA'}
268,mailto:jt12ring@aol.com,Jts Archery,{u'stateAbv': u'AZ'}
269,mailto:info@lookoutmountainoutdoors.com,Lookout Mountain Outdoors,{u'stateAbv': u'AZ'}
270,mailto:jeanrenegade@gmail.com,THE BOW SHOP,{u'stateAbv': u'AZ'}
271,,Desert Archery,{u'stateAbv': u'AZ'}
272,,High Desert Sticks & Strings,{u'stateAbv': u'AZ'}
273,mailto:info@absolutearcheryllc.com,Absolute Archery,{u'stateAbv': u'CA'}
274,mailto:info@2ndamendmentsports.com,Second Amendment Sports,{u'stateAbv': u'AZ'}
275,,Bull Basin Archery,{u'stateAbv': u'AZ'}
276,mailto:kandlarchery@msn.com,K & L Archery,{u'stateAbv': u'AZ'}
277,,Broken Arrow Archery,{u'stateAbv': u'AZ'}
278,mailto:Sales@ezfletch.com,Arizona Rim Country Products,{u'stateAbv': u'AZ'}
279,,Ben Avery Shooting Range,{u'stateAbv': u'AZ'}
280,,Archery Headquarters,{u'stateAbv': u'AZ'}
281,,Archery Barn,{u'stateAbv': u'AZ'}
282,,Ben Avery Shooting Range,{u'stateAbv': u'AZ'}
283,,Timber Mesa Archery,{u'stateAbv': u'AZ'}
284,mailto:matesguns@spragues.com,Sprague's Sports Indoor Range,{u'stateAbv': u'AZ'}
285,mailto:amanda@coueswhitetail.com,Bull Basin Archery Of Tucson,{u'stateAbv': u'AZ'}
286,,Four Peaks Archery,{u'stateAbv': u'AZ'}
287,,Xpert Archery,{u'stateAbv': u'AZ'}
288,mailto:info@timbermesaoutdoors.com,Timber Mesa Archery,{u'stateAbv': u'AZ'}
289,mailto:Boomer@pse-archery.com,PSE Archery Pro Shop,{u'stateAbv': u'AZ'}
290,mailto:robinsonarchery@gmail.com,Robinson Archery,{u'stateAbv': u'AZ'}
291,,Benson Systems Electric - Electrical Service Repair - Commercial and Residential,{u'stateAbv': u'AZ'}
292,,Precision Shooting Equipment,{u'stateAbv': u'AZ'}
293,,Mile High Archery,{u'stateAbv': u'AZ'}
294,mailto:info@azarcheryclub.com,AZ Archery,{u'stateAbv': u'AZ'}
295,,Bear Mountain,{u'stateAbv': u'AZ'}
296,mailto:josiah@rossoutdoors.com,Ross Outdoors,{u'stateAbv': u'AZ'}
297,mailto:info@timbermesaoutdoors.com,Timber Mesa Out Doors,{u'stateAbv': u'AZ'}
298,mailto:OkefenokeeKnives@yahoo.com,OkefenokeeKnives,{u'stateAbv': u'GA'}
299,mailto:info@shopbucknbass.com,Buck N Bass,{u'stateAbv': u'GA'}
300,,Sweetwater Engineering,{u'stateAbv': u'GA'}
301,,The Archery Shop,{u'stateAbv': u'GA'}
302,,Backwoods Outdoors,{u'stateAbv': u'GA'}
303,mailto:drsegars@bellsouth.net,Segars Sports A Hunting & Fishing Store,{u'stateAbv': u'GA'}
304,,Chuck's Gun & Pawn Shop,{u'stateAbv': u'GA'}
305,,Googes' Inc,{u'stateAbv': u'GA'}
306,mailto:catalog@innerloc.com,Sullivan Industries,{u'stateAbv': u'GA'}
307,,88 Archery Club Inc,{u'stateAbv': u'GA'}
308,,Gainesville Archery Club,{u'stateAbv': u'GA'}
309,,Mike Dudley Archery,{u'stateAbv': u'GA'}
310,,Dhawk,{u'stateAbv': u'GA'}
311,mailto:lifeoutdoors4u@yahoo.com,Life Outdoors,{u'stateAbv': u'GA'}
312,mailto:impactarchery@bellsouth.net,Impact Archery,{u'stateAbv': u'GA'}
313,mailto:sales@bigwoodsgoods.com,Big Woods Goods,{u'stateAbv': u'GA'}
314,mailto:finchfamily1@gmail.com,Baygall Sporting Clays,{u'stateAbv': u'GA'}
315,mailto:orders@backwbs.com,Backwoods Bowstrings,{u'stateAbv': u'GA'}
316,mailto:archerylearningcenter@gmail.com,Archery Learning Center,{u'stateAbv': u'GA'}
317,mailto:theoutdoordepot@att.net,The Outdoor Depot,{u'stateAbv': u'GA'}
318,,B & B Outdoor Dayz,{u'stateAbv': u'GA'}
319,mailto:blog@tackleshack.net,Tackle Shack,{u'stateAbv': u'GA'}
320,mailto:jeffsarchery@gmail.com,Jeff's Archery,{u'stateAbv': u'GA'}
321,,Southern Shooters Inc,{u'stateAbv': u'GA'}
322,mailto:dudley@rose.net,Dudley Moore Awning & Floor Covering,{u'stateAbv': u'GA'}
323,mailto:wildcatarchery@bellsouth.net,Wildcat Archery,{u'stateAbv': u'GA'}
324,,Big Island Bows,{u'stateAbv': u'HI'}
325,mailto:drturi@bellsouth.net,Den Bow's Custom Arrows,{u'stateAbv': u'GA'}
326,,Strongpoint Shooting Complex,{u'stateAbv': u'GA'}
327,,Fletchchek Archery,{u'stateAbv': u'HI'}
328,mailto:jhara@hilo.net,J Hara Store Inc,{u'stateAbv': u'HI'}
329,mailto:lsimpson@nakajimausa.com,Hana Pa'a Hawaii,{u'stateAbv': u'HI'}
330,,Hana Pa'a Hawaii,{u'stateAbv': u'HI'}
331,mailto:theislandarcher@hawaiiantel.net,Island Archer The,{u'stateAbv': u'HI'}
332,,Gun and Bow Rack,{u'stateAbv': u'AR'}
333,,Mike's Taxidermy,{u'stateAbv': u'AR'}
334,,Gander Mountain,{u'stateAbv': u'AR'}
335,mailto:bowshop@cableone.net,Archery Outfitters,{u'stateAbv': u'AR'}
336,,Outdoor America,{u'stateAbv': u'AR'}
337,mailto:staff@slicktrick.net,Slick Trick,{u'stateAbv': u'AR'}
338,mailto:jhara@hilo.net,J Hara Store Inc,{u'stateAbv': u'HI'}
339,,Treat's Fishing & Archery Spls,{u'stateAbv': u'AR'}
340,mailto:mike@pinehollowlongbows.com,Pine Hollow Longbows Inc,{u'stateAbv': u'AR'}
341,,Patton's Outdoor Supply,{u'stateAbv': u'AR'}
342,,Twin Lakes Gun Club Range,{u'stateAbv': u'AR'}
343,,Triangle Sports,{u'stateAbv': u'AR'}
344,,Full Draw Archery,{u'stateAbv': u'AR'}
345,,Hope Archery Co,{u'stateAbv': u'AR'}
346,mailto:jlchardware@yahoo.com,Social Circle Ace Home Center,{u'stateAbv': u'GA'}
347,,National Bowhunt Edu Fndtn,{u'stateAbv': u'AR'}
348,mailto:virtualgameworldnwa@gmail.com,Virtual Game World & Event Center,{u'stateAbv': u'AR'}
349,,National Bowhunt Education Foundation,{u'stateAbv': u'AR'}
350,,Knoedl's Outdoor Tech,{u'stateAbv': u'AR'}
351,,Mill Creek Outdoors,{u'stateAbv': u'AR'}
352,mailto:President@twinlakesgunclub.com,Twin Lakes Gun Club Range,{u'stateAbv': u'AR'}
353,mailto:howard@scuba-archery.com,Scuba & Archery Center,{u'stateAbv': u'AR'}
354,mailto:dsspearson@yahoo.com,Sycamore Creek Archery,{u'stateAbv': u'AR'}
355,mailto:timsyamaha@sbcglobal.net,Mena Pawn & Gun LLC,{u'stateAbv': u'AR'}
356,mailto:powellfarm@hotmail.com,12 Ring Archery Inc,{u'stateAbv': u'AR'}
357,,Palmer Dick Archery,{u'stateAbv': u'AR'}
358,mailto:customerservice@ultimateoutdoorsinc.com,Ultimate Outdoors Inc,{u'stateAbv': u'AR'}
359,,Arkansas Trading & Loan Inc,{u'stateAbv': u'AR'}
360,mailto:rcraft@gellcooutdoors.com,Gellco Outdoors,{u'stateAbv': u'AR'}
361,,Fairfield County Firearms & Archery,{u'stateAbv': u'CT'}
362,,Archer's Advantage Inc,{u'stateAbv': u'AR'}
363,,Gellco Outdoors,{u'stateAbv': u'AR'}
364,mailto:sptopst@att.net,Sportsmen's Outpost Inc,{u'stateAbv': u'CT'}
365,,Bleu Waters Group,{u'stateAbv': u'CT'}
366,,Lightning Archery Products Inc,{u'stateAbv': u'CT'}
367,mailto:thehookandarrow@gmail.com,The Hook And Arrow,{u'stateAbv': u'CT'}
368,,Greatree Archery,{u'stateAbv': u'CT'}
369,mailto:jaimecabral60@hotmail.com,Chief Osage Archery,{u'stateAbv': u'CT'}
370,,Lightning Bowstrings LTD,{u'stateAbv': u'CT'}
371,mailto:william.fick@cabelas.com,Cabela's,{u'stateAbv': u'CT'}
372,mailto:wftradingpost@yahoo.com,Woodbridge Firearms Trading Post LLC.,{u'stateAbv': u'CT'}
373,,Garys Archery,{u'stateAbv': u'CT'}
374,,Archery Imports,{u'stateAbv': u'CT'}
375,mailto:wasp@wasparchery.com,Wasp Archery Products Inc,{u'stateAbv': u'CT'}
376,,A Im,{u'stateAbv': u'CT'}
377,,Center Sports of Columbia,{u'stateAbv': u'CT'}
378,mailto:jeffshippee@gmail.com,Newbury Archery,{u'stateAbv': u'CT'}
379,,Great Tree,{u'stateAbv': u'CT'}
380,,Cos Cob Archers,{u'stateAbv': u'CT'}
381,mailto:andoverarchery@comcast.net,Andover Archery,{u'stateAbv': u'CT'}
382,,Archers Edge Inc,{u'stateAbv': u'CT'}
383,mailto:paa300@aol.com,Hall's Arrow Indoor Archery Range & Archery Equipment Sales,{u'stateAbv': u'CT'}
384,,Golden Key-Futura Inc,{u'stateAbv': u'CO'}
385,mailto:info@hallsarrow.com,Hall's Arrow Indoor Archery Range & Equipment Sales,{u'stateAbv': u'CT'}
386,mailto:goodsforthewoods@yahoo.com,Goods For The Woods,{u'stateAbv': u'CO'}
387,mailto:bearsguns@gmail.com,Bear's Archery Guns & Prospecting LLC,{u'stateAbv': u'CO'}
388,mailto:mikeh@tgs-outdoors.com,TGS Outdoors,{u'stateAbv': u'CT'}
389,mailto:jasonwikberg@archeryunderground.net,Archery Underground,{u'stateAbv': u'CO'}
390,,Trinidad Archery and Tackle,{u'stateAbv': u'CO'}
391,,No Limits Archery,{u'stateAbv': u'CO'}
392,,Humphries Archery,{u'stateAbv': u'CO'}
393,mailto:martialarchery@gmail.com,Golden Archery,{u'stateAbv': u'CO'}
394,mailto:fullrutarchery@qwestoffice.net,Full Rut Archery,{u'stateAbv': u'CO'}
395,mailto:lawestfall@msn.com,Quailrun,{u'stateAbv': u'CO'}
396,,Royal Gorge Archery & Range,{u'stateAbv': u'CO'}
397,,Denver Archery,{u'stateAbv': u'CO'}
398,,High Impact Archery,{u'stateAbv': u'CO'}
399,mailto:billincamo@aol.com,Bill Peligrinos Archery Hut,{u'stateAbv': u'CO'}
400,mailto:howlingcoyotearchery@yahoo.com,Howling Coyote Archery LLC,{u'stateAbv': u'CO'}
401,mailto:bearcreek@bearcreekarchery.com,Bear Creek Archery Inc,{u'stateAbv': u'CO'}
402,,Grand Mesa Archery,{u'stateAbv': u'CO'}
403,mailto:laxarchery@hotmail.com,Loveland Archery Exchange,{u'stateAbv': u'CO'}
404,,Archery School of the Rockies,{u'stateAbv': u'CO'}
405,mailto:info@bbbsc.org,Timberline Archery,{u'stateAbv': u'CO'}
406,,Lead N Feathers Club,{u'stateAbv': u'CO'}
407,mailto:loose_arrows10@yahoo.com,Red Rock Archery,{u'stateAbv': u'CO'}
408,mailto:Emptyquiverarchery@yahoo.com,Empty Quiver Archery,{u'stateAbv': u'CO'}
409,mailto:fullrut@qwestoffice.net,Full Rut Archery & Club,{u'stateAbv': u'CO'}
410,mailto:bnssteers@gmail.com,Canon Arrow Company,{u'stateAbv': u'CO'}
411,mailto:tom@highaltitudearchery.com,High Altitude Archery,{u'stateAbv': u'CO'}
412,mailto:quickdrawarchery@yahoo.com,Quick Draw Archery,{u'stateAbv': u'CO'}
413,mailto:bowhuntersedge1@gmail.com,BOWHUNTERS EDGE,{u'stateAbv': u'CO'}
414,mailto:contact@razoredgearchery.com,Razor Edge Archery,{u'stateAbv': u'CO'}
415,,RTC Training Center,{u'stateAbv': u'CT'}
416,,THE FLU-FLU'S NEST,{u'stateAbv': u'AK'}
417,mailto:npolearchery@gci.net,North Pole Archery & Supply,{u'stateAbv': u'AK'}
418,,Fletchers Archery,{u'stateAbv': u'AK'}
419,,Alaskan Bowhunters Association,{u'stateAbv': u'AK'}
420,,Alaskan Bowhunters Association Inc,{u'stateAbv': u'AK'}
421,,Straight Flight Arrow Co & Supplies,{u'stateAbv': u'AK'}
422,mailto:juneauarcheryoutfitters@gmail.com,Archery Outfitters,{u'stateAbv': u'AK'}
423,,Black Sheep Bowmen,{u'stateAbv': u'AK'}
424,,Mountain Point Archery,{u'stateAbv': u'AK'}
425,,"Bull Bones Archery, LLC",{u'stateAbv': u'AK'}
426,,Screaming Eagle Archery of Alaska Li.C,{u'stateAbv': u'AK'}
427,mailto:bearpawarchery@mtaonline.net,Bear Paw Archery,{u'stateAbv': u'AK'}
428,,Screamin' Eagle Archery,{u'stateAbv': u'AK'}
429,mailto:publish@ak.net,Backcountry Archery,{u'stateAbv': u'AK'}
430,mailto:wolf@wolf-archery.com,wolf-archery.com,{u'stateAbv': u'AL'}
431,,New Breed Enterprises,{u'stateAbv': u'AL'}
432,mailto:northernsimulators@gmail.com,Northern Simulators Archery Pro Shop,{u'stateAbv': u'AK'}
433,,Bucket Of Bows,{u'stateAbv': u'AL'}
434,mailto:akfullcurlarchery@gmail.com,Full Curl Archery,{u'stateAbv': u'AK'}
435,,Gander Mountain,{u'stateAbv': u'AL'}
436,,Gander Mountain,{u'stateAbv': u'AL'}
437,,Gander Mountain,{u'stateAbv': u'AL'}
438,mailto:blacksheeparchery@gmail.com,Black Sheep Bowmen,{u'stateAbv': u'AK'}
439,,Bucket Of Bows,{u'stateAbv': u'AL'}
440,mailto:grabows52@yahoo.com,Grabow Outdoors,{u'stateAbv': u'AL'}
441,,Hunt Master Archery,{u'stateAbv': u'AL'}
442,,Simmon's System Archery,{u'stateAbv': u'AL'}
443,,White Oak Archery,{u'stateAbv': u'AL'}
444,mailto:info@vanssportinggood.com,Van's Sporting Goods,{u'stateAbv': u'AL'}
445,,Bob's Pro Archery,{u'stateAbv': u'AL'}
446,,Odell's Outdoor Archery,{u'stateAbv': u'AL'}
447,,Mark's Outdoor Sports,{u'stateAbv': u'AL'}
448,mailto:info@southernoutdoorsports.com,Southern Outdoor Sports,{u'stateAbv': u'AL'}
449,,Wilborn Outdoors & Feed,{u'stateAbv': u'AL'}
450,,Ronnie Kimbrough,{u'stateAbv': u'AL'}
451,,Shooter Alley,{u'stateAbv': u'AL'}
452,,Range 231 N,{u'stateAbv': u'AL'}
453,mailto:dymizell@gmail.com,Fish-Kabob Bowfishing and Charters,{u'stateAbv': u'AL'}
454,,South East Archery,{u'stateAbv': u'AL'}
455,mailto:paige@archeryunlimited.net,Archery Unlimited,{u'stateAbv': u'AL'}
456,,Custom Archery Center,{u'stateAbv': u'AL'}
457,mailto:paige@archeryunlimited.net,"Archery Unlimited, Inc.",{u'stateAbv': u'AL'}
458,mailto:limbhanger2@yahoo.com,The Bow Doctor,{u'stateAbv': u'AL'}
459,,Kelly's Outdoors Inc,{u'stateAbv': u'DE'}
460,mailto:bowhunterproshop@comcast.net,Bowhunter Pro Shop,{u'stateAbv': u'AL'}
461,,Weekend Archery and Guns,{u'stateAbv': u'AL'}
462,,Black Bear Archery,{u'stateAbv': u'DE'}
463,,Black Bear Archery,{u'stateAbv': u'DE'}
464,,Cabela's,{u'stateAbv': u'DE'}
465,,Jake's Archery,{u'stateAbv': u'DE'}
466,mailto:ContactUs@nc100archers.com,New Castle 100 Archers Club,{u'stateAbv': u'DE'}
467,mailto:howellsgunandarchery@live.com,Howells Gun Shop,{u'stateAbv': u'ME'}
468,,Archery And Arms,{u'stateAbv': u'MA'}
469,,R I C Inc,{u'stateAbv': u'MA'}
470,mailto:archer920@aol.com,Traditional Archery Supply,{u'stateAbv': u'MA'}
471,mailto:area51strings@hotmail.com,Ahamo Archery Club,{u'stateAbv': u'NE'}
472,,Roughneck Outdoors LLC,{u'stateAbv': u'MS'}
473,,Cabela's,{u'stateAbv': u'NE'}
474,mailto:owner@goose.com,Goose Hummock Shop,{u'stateAbv': u'MA'}
475,,Cabela's,{u'stateAbv': u'NV'}
476,,Cabela's,{u'stateAbv': u'NV'}
477,mailto:westendarchery@yahoo.com,West End Archery,{u'stateAbv': u'NY'}
478,,Matt's Archery,{u'stateAbv': u'NH'}
479,,Bowhunters Paradise Inc,{u'stateAbv': u'NC'}
480,,B N T Archery,{u'stateAbv': u'NM'}
481,mailto:adrenalineoutdoors@gmail.com,Adrenaline Outdoors,{u'stateAbv': u'NC'}
482,,Mastins Archery,{u'stateAbv': u'NC'}
483,,Bullet Bob Has It,{u'stateAbv': u'NM'}
484,,,{u'stateAbv': u'MS'}
485,,High Desert Archery,{u'stateAbv': u'NM'}
486,,Rio Rancho Archery & Hunting,{u'stateAbv': u'NM'}
487,mailto:wingarchery@msn.com,Wing Archery Inc,{u'stateAbv': u'NJ'}
488,mailto:info@bbbnh.org,Corey's Sport Shop,{u'stateAbv': u'NH'}
489,mailto:owlsnest@enter.net,The Owls Nest,{u'stateAbv': u'NJ'}
490,,,{u'stateAbv': u'NY'}
491,,Dover Sports Center,{u'stateAbv': u'NJ'}
492,mailto:Doug@breakawayexcursions.com,Breakaway Excursions,{u'stateAbv': u'OH'}
493,mailto:fairfieldidaho@gmail.com,Fairfield Outdoors,{u'stateAbv': u'OH'}
494,mailto:bettsarchery086@aol.com,Betts Archery,{u'stateAbv': u'OH'}
495,,Inspired Shot Inc,{u'stateAbv': u'OH'}
496,,Glenn's Archery & Tackle,{u'stateAbv': u'OH'}
497,,McCormic Archery,{u'stateAbv': u'OH'}
498,mailto:bednar@tenpointcrossbows.com,Hunter's Outlet Archery Ctr,{u'stateAbv': u'OH'}
499,mailto:sales@allamericanoutdoorsllc.com,All American Outdoors,{u'stateAbv': u'OH'}
500,,Broken Arrow Archery,{u'stateAbv': u'OH'}
501,mailto:foxlocks@earthlink.net,Fox's Archery And Firearms,{u'stateAbv': u'OH'}
502,,Rock Solid Archery,{u'stateAbv': u'OH'}
503,mailto:jbehnfeldt30@yahoo.com,Patriot Archery LLC.,{u'stateAbv': u'OH'}
504,,Walkers Bows Bend,{u'stateAbv': u'OH'}
505,mailto:RicksSportingGoods@midohio.twcbc.com,Rick's Sporting Goods,{u'stateAbv': u'OH'}
506,,Ao Archery,{u'stateAbv': u'OH'}
507,mailto:archery1@windtream.net,Broken Arrow Archery,{u'stateAbv': u'OH'}
508,mailto:ray@weasnerarchery.com,Weasner Archery LLC.,{u'stateAbv': u'OH'}
509,mailto:goldmedalarchery@gmail.com,Gold Medal Archery,{u'stateAbv': u'OH'}
510,mailto:customerservice@shop.com,Red's Sport Shop,{u'stateAbv': u'OH'}
511,,T & K Guns & Archery,{u'stateAbv': u'OH'}
512,,Fishermans Warehouse,{u'stateAbv': u'OH'}
513,mailto:hirnscorner@yahoo.com,Hirn's Corner,{u'stateAbv': u'OH'}
514,mailto:sportsjunction@roadrunner.com,Sports Junction Inc.,{u'stateAbv': u'OH'}
515,mailto:agtbed@att.net,Atlantic Gun & Tackle,{u'stateAbv': u'OH'}
516,mailto:info@oeoutfitters.com,Olde English Outfitters,{u'stateAbv': u'OH'}
517,mailto:sportsjunction@roadrunner.com,Sports Junction-Archery & Guns,{u'stateAbv': u'OH'}
518,,Roberson's Sporting Goods,{u'stateAbv': u'OH'}
519,mailto:sportsmansrendezvous@hotmail.com,Sportsman's Rendezvous,{u'stateAbv': u'NJ'}
520,,Circle X Archery Supply,{u'stateAbv': u'NJ'}
521,,Premier Outdoors,{u'stateAbv': u'OH'}
522,mailto:info@sportsmenscenter.com,Sportsmen's Center,{u'stateAbv': u'NJ'}
523,,Original Brite-Site,{u'stateAbv': u'NJ'}
524,,Ricards Chas L,{u'stateAbv': u'NJ'}
525,mailto:targeteersarchery@gmail.com,Targeteers Sporting Goods,{u'stateAbv': u'NJ'}
526,,Blackwater Sports Center,{u'stateAbv': u'NJ'}
527,,Stokes Sports Shop,{u'stateAbv': u'NJ'}
528,,L & H Woods & Water,{u'stateAbv': u'NJ'}
529,,Tackle and Field,{u'stateAbv': u'NJ'}
530,mailto:twisted479@aol.com,Black Knight Bow Benders Inc,{u'stateAbv': u'NJ'}
531,mailto:info@bulletholenj.com,Bullet Hole Annex,{u'stateAbv': u'NJ'}
532,,Bloomfield Archers,{u'stateAbv': u'NJ'}
533,mailto:info@bowstick.com,Bowstick Archery,{u'stateAbv': u'NJ'}
534,mailto:willyb@definetlyme.vpweb.com,Definetlyme.Com,{u'stateAbv': u'NJ'}
535,,Strictly Archery Inc,{u'stateAbv': u'NJ'}
536,mailto:wecope@bellatlantic.net,Bob's Little Sport Shop & Indoor Pistol Range,{u'stateAbv': u'NJ'}
537,mailto:info@jerseycityarchery.com,Jersey City Archery,{u'stateAbv': u'NJ'}
538,,Sig Borstad Archery & Hunting Supplies,{u'stateAbv': u'NJ'}
539,,Bergen Bowmen Archery Club Of NJ,{u'stateAbv': u'NJ'}
540,mailto:info@simonpetersport.com,Simon Peter Sport Co.,{u'stateAbv': u'NJ'}
541,,Archers Outpost,{u'stateAbv': u'NJ'}
542,mailto:heritagefirearms@aol.com,Heritage Guild,{u'stateAbv': u'NJ'}
543,mailto:heritagefirearms@aol.com,Heritage Guild,{u'stateAbv': u'NJ'}
544,mailto:fletcherscorner@verizon.net,The Fletchers Corner,{u'stateAbv': u'NJ'}
545,,Waxobe,{u'stateAbv': u'NJ'}
546,,Killshot Outdoors,{u'stateAbv': u'NM'}
547,mailto:debbie@salonstudiosofcorrales.com,Carley Adventure Studio,{u'stateAbv': u'NM'}
548,,Anna Kinney MNT Archery,{u'stateAbv': u'NM'}
549,,Nice Archery Tech Xperts,{u'stateAbv': u'NM'}
550,mailto:info@santafeoutdoorsman.com,Outdoorsman of Santa Fe,{u'stateAbv': u'NM'}
551,,High Desert Archery,{u'stateAbv': u'NM'}
552,,S & J Sporting Goods,{u'stateAbv': u'NM'}
553,,Tularosa Archery PRO Shop,{u'stateAbv': u'NM'}
554,mailto:judy@stagecoach-stop.com,Stagecoach Stop Archery,{u'stateAbv': u'NM'}
555,,Troy's Backyard Archery,{u'stateAbv': u'NM'}
556,mailto:mstoneh@aol.com,Desert Guns,{u'stateAbv': u'NM'}
557,,Backwoodsman,{u'stateAbv': u'NM'}
558,mailto:shfconcerns@santafecounty.org,Tina's Range Gear,{u'stateAbv': u'NM'}
559,mailto:flyfish@cowcreekranch.com,Cow Creek Ranch,{u'stateAbv': u'NM'}
560,,Sidney Paul Gordon Shooting Range,{u'stateAbv': u'NM'}
561,mailto:info@nrawc.org,NRA Whittington Center,{u'stateAbv': u'NM'}
562,mailto:daves.guns@live.com,Dave's Guns Inc,{u'stateAbv': u'NM'}
563,mailto:membership@dngcnm.com,Del Norte Gun Club,{u'stateAbv': u'NM'}
564,mailto:archeryshoppe@hotmail.com,Archery Shoppe,{u'stateAbv': u'NM'}
565,mailto:Bill@archeryhut.com,Archery Hut,{u'stateAbv': u'NM'}
566,,Sidney Paul Gordon Archery Rng,{u'stateAbv': u'NM'}
567,,Gander Mountain,{u'stateAbv': u'NC'}
568,,Archers Edge Archery Sales,{u'stateAbv': u'NC'}
569,,New Mexico Wildlife Services,{u'stateAbv': u'NM'}
570,mailto:outpostmo@yahoo.com,Outpost Mountain Outfitters,{u'stateAbv': u'NC'}
571,mailto:service@gandermtn.com,Gander Mountain,{u'stateAbv': u'NC'}
572,mailto:sales@bowsmithe.com,The Bowsmithe,{u'stateAbv': u'NC'}
573,mailto:info@charliessportinggoods.com,Charlie's Sporting Goods,{u'stateAbv': u'NM'}
574,,Warren's Sport Headquarters,{u'stateAbv': u'NC'}
575,,Goose Creek Archery Supplies,{u'stateAbv': u'NC'}
576,,Treadway Long Bows,{u'stateAbv': u'NC'}
577,mailto:Capsnc@hotmail.com,Copeland Archery Pro Shop,{u'stateAbv': u'NC'}
578,mailto:crosscreek@inet4u.com,Cross Creek Outdoor Supplies,{u'stateAbv': u'NC'}
579,mailto:dan@tap3x-training.com,TAP3X Group of Companies,{u'stateAbv': u'NC'}
580,mailto:archery@christineharrelson.com,Christine Harrelson Archery Lessons,{u'stateAbv': u'NC'}
581,,Hawkeye Archery,{u'stateAbv': u'NC'}
582,mailto:bob@bobsmerch.com,Bob's Sporting Goods,{u'stateAbv': u'NC'}
583,mailto:shotterschoice@app.net,Shooter's Choice,{u'stateAbv': u'NC'}
584,,Crissman Archery,{u'stateAbv': u'NC'}
585,mailto:jan.nerone@gmail.com,"Jan Nerone, LMBT",{u'stateAbv': u'NC'}
586,,Blade Runners Archery,{u'stateAbv': u'NC'}
587,mailto:sales@sportsmanshangout.com,Sportsmans Hangout,{u'stateAbv': u'NC'}
588,,Shooters Indoor Sport,{u'stateAbv': u'NC'}
589,mailto:info@droptinearchery.com,DropTine Archery,{u'stateAbv': u'NC'}
590,,Nc Hunter Supply,{u'stateAbv': u'NC'}
591,,S & S Graham Archery Inc,{u'stateAbv': u'NC'}
592,mailto:sticknstringarchery@gmail.com,Stick N String Archery Range,{u'stateAbv': u'NC'}
593,mailto:aorrell@biz.ec.rr.com,Canady's Sport Center,{u'stateAbv': u'NC'}
594,mailto:royboyfancynancy@aol.com,Little Ridge Archery & Gift Shop,{u'stateAbv': u'NY'}
595,,St Lawrence Archery,{u'stateAbv': u'NY'}
596,,Barefoot Archery,{u'stateAbv': u'NC'}
597,mailto:sstaxidermy@msn.com,S&S Taxidermy and Archery Pro Shop LLC,{u'stateAbv': u'NY'}
598,mailto:carmel@flyingarrowsports.com,Flying Arrow Sports,{u'stateAbv': u'NY'}
599,,Klein's Archery & Outdoor Store,{u'stateAbv': u'NY'}
600,,Extreme Archery Inc,{u'stateAbv': u'NY'}
601,,Palmer's Archery,{u'stateAbv': u'NY'}
602,mailto:bowparts@yahoo.com,Towlesville Craft & Shaft,{u'stateAbv': u'NY'}
603,,Akin's Sales & Svc,{u'stateAbv': u'NY'}
604,mailto:marcia@creekwoodarchery.com,Creekwood Archery,{u'stateAbv': u'NY'}
605,,Ferari's Archery,{u'stateAbv': u'NY'}
606,mailto:joev@ndarchery.com,Northern Dutchess Archery & Sportsman Supply,{u'stateAbv': u'NY'}
607,mailto:bluebeaverbows@aol.com,Blue Beaver Bows,{u'stateAbv': u'NY'}
608,,Allied Sportsman,{u'stateAbv': u'NY'}
609,,Plattsburgh Rod and Gun Club,{u'stateAbv': u'NY'}
610,,Victory Archers Club,{u'stateAbv': u'NY'}
611,mailto:wildehillarchery@gmail.com,Wilde Hill Archery LLC,{u'stateAbv': u'NY'}
612,,Guerin-Teed Archery Inc,{u'stateAbv': u'NY'}
613,mailto:havocarchery@yahoo.com,Havoc Archery,{u'stateAbv': u'NY'}
614,mailto:SherylSimon@sherylschocolate.com,C & B Archery,{u'stateAbv': u'NY'}
615,,Earth Spirits Archery,{u'stateAbv': u'NY'}
616,mailto:gregsarchery@yahoo.com,Greg's Archery,{u'stateAbv': u'NY'}
617,mailto:625gem@gmail.com,Ra-Lin Sporting Goods,{u'stateAbv': u'NY'}
618,mailto:ccarchery@frontier.com,C & C Archery & Sporting Goods,{u'stateAbv': u'NY'}
619,,Adirondack Archery,{u'stateAbv': u'NY'}
620,,Badlands Bowstrings,{u'stateAbv': u'ND'}
621,mailto:carmel@flyingarrowsports.com,Flying Arrow Sports,{u'stateAbv': u'NY'}
622,mailto:threespotarchery@yahoo.com,3spot Archery,{u'stateAbv': u'NY'}
623,,Archery Bows Direct,{u'stateAbv': u'ND'}
624,,American-Bowhunter,{u'stateAbv': u'ND'}
625,mailto:austin@prestigearchery.com,Prestige Archery,{u'stateAbv': u'ND'}
626,,McGarvey Archery Pro-Shop,{u'stateAbv': u'ND'}
627,mailto:service@gandermtn.com,Gander Mountain,{u'stateAbv': u'ND'}
628,mailto:k_s@outdoorsman-archery.com,Outdoorsman,{u'stateAbv': u'ND'}
629,,Doug's Custom Arrows & Archery,{u'stateAbv': u'ND'}
630,,Metcalf Craig W,{u'stateAbv': u'ND'}
631,,Sandhills Archers Indoor,{u'stateAbv': u'ND'}
632,,Archer's Elite PRO Shop,{u'stateAbv': u'ND'}
633,,Painted Woods Sporting Range,{u'stateAbv': u'ND'}
634,,"New England Weapon & Supply, LLC",{u'stateAbv': u'NH'}
635,,Speckman Kevin & Kerry,{u'stateAbv': u'NH'}
636,,Bossman Outdoors,{u'stateAbv': u'NH'}
637,,Big Al's Archery & Marine,{u'stateAbv': u'NH'}
638,,Droptine Taxidermy & Archery,{u'stateAbv': u'NH'}
639,,Smith River Trding Post,{u'stateAbv': u'NH'}
640,mailto:archery300@myfairpoint.net,300 Archery,{u'stateAbv': u'NH'}
641,mailto:info@thetackleshack.biz,The Tackle Shack,{u'stateAbv': u'NH'}
642,,Pete's Archery Shop,{u'stateAbv': u'NH'}
643,,Shawsheen River Archery Products,{u'stateAbv': u'NH'}
644,,Herbs Archery,{u'stateAbv': u'NH'}
645,,Patch Matthew & Barbara,{u'stateAbv': u'NH'}
646,,Smith River Trading Post,{u'stateAbv': u'NH'}
647,,Milford Archery & Tackle,{u'stateAbv': u'NH'}
648,,Lamprey Regina,{u'stateAbv': u'NH'}
649,mailto:info@outbacksports.org,Outback Sports Inc,{u'stateAbv': u'ND'}
650,mailto:info@morsesportinggoods.com,Morse Sporting Goods,{u'stateAbv': u'NH'}
651,mailto:statelineguns@aol.com,Stateline Guns Ammo & Archery,{u'stateAbv': u'NH'}
652,mailto:info@nhskip.com,Skip's Gun Shop,{u'stateAbv': u'NH'}
653,,State Line Gun Shop,{u'stateAbv': u'NH'}
654,,Petes Archery Shop,{u'stateAbv': u'NH'}
655,mailto:office@cgnnh.com,Camp Good News,{u'stateAbv': u'NH'}
656,,New England School Of Archery & Supplies,{u'stateAbv': u'NH'}
657,mailto:briansarchery@briansarchery.com,Brian's Archery Pro Shop,{u'stateAbv': u'NH'}
658,mailto:nesainc@yahoo.com,The New England School of Archery,{u'stateAbv': u'NH'}
659,mailto:dana@artofarchery.com,Art of Archery,{u'stateAbv': u'NH'}
660,mailto:dana@artofarchery.com,Art Of Archery,{u'stateAbv': u'NH'}
661,mailto:gunworldallen@yahoo.com,Gun World,{u'stateAbv': u'NV'}
662,,Meigs' Archery,{u'stateAbv': u'NV'}
663,,Pacific Archery,{u'stateAbv': u'NV'}
664,mailto:dreamcatcherarchery@yahoo.com,Dreamcatcher Archery LLC,{u'stateAbv': u'NV'}
665,mailto:gunworld@frontiernet.net,Gun World,{u'stateAbv': u'NV'}
666,,High Desert Archery,{u'stateAbv': u'NV'}
667,,Cabela's,{u'stateAbv': u'NV'}
668,mailto:info@702archery.com,702 Archery,{u'stateAbv': u'NV'}
669,mailto:info@impactarcherylv.com,Impact Archery Inc,{u'stateAbv': u'NV'}
670,mailto:info@702Archery.com,702 Archery,{u'stateAbv': u'NV'}
671,,Pacific Archery,{u'stateAbv': u'NV'}
672,mailto:rlckhoaa@gmail.com,House Of Arrows Archery,{u'stateAbv': u'NV'}
673,mailto:mfs_npt15@yahoo.com,Mark-Fore & Strike Sporting Goods,{u'stateAbv': u'NV'}
674,mailto:CWAArchery@aol.com,Country Woods Archery,{u'stateAbv': u'MI'}
675,,Gauthier's Archery,{u'stateAbv': u'MI'}
676,,Straight Line Archery,{u'stateAbv': u'MI'}
677,,Archery,{u'stateAbv': u'MI'}
678,,Archer's Archery,{u'stateAbv': u'MI'}
679,,Wasting Arrows,{u'stateAbv': u'NV'}
680,,Bowman's Outdoor Sports,{u'stateAbv': u'MI'}
681,,Arrowhead Archery,{u'stateAbv': u'MI'}
682,mailto:detroitarcherswb@gmail.com,Detroit Archers,{u'stateAbv': u'MI'}
683,,Bullseye Archery,{u'stateAbv': u'MI'}
684,,Schupbach's Sporting Goods,{u'stateAbv': u'MI'}
685,,Life EMS Of Van Buren County,{u'stateAbv': u'MI'}
686,,Ted Brooks Archery Inc,{u'stateAbv': u'MI'}
687,,Lakeview Marine & Tackle,{u'stateAbv': u'MI'}
688,mailto:mjcarch@flash.net,MJC Archery,{u'stateAbv': u'MI'}
689,,MJC Archery,{u'stateAbv': u'MI'}
690,mailto:Archers_Range@yahoo.com,"Andreeva Archery Range, LLC",{u'stateAbv': u'MI'}
691,,Wright's Sports Store,{u'stateAbv': u'MI'}
692,,Bowmeister Bow Tuning & Archery Pro Shop,{u'stateAbv': u'MI'}
693,mailto:info@bobsgt.com,Bob's Gun & Tackle Shop,{u'stateAbv': u'MI'}
694,mailto:totalfirearmsgunshop@yahoo.com,Total Firearms,{u'stateAbv': u'MI'}
695,,Whitetail Acres Archery Range & Supplies,{u'stateAbv': u'MI'}
696,mailto:bassnsport@yahoo.com,Bass N Sport,{u'stateAbv': u'MI'}
697,mailto:baressports@aol.com,Bare's Sports Shop,{u'stateAbv': u'MI'}
698,mailto:sjmakisports@yahoo.com,S & J Sports,{u'stateAbv': u'MI'}
699,mailto:info@archeryunlimitedinc.com,Archery Unlimited Inc,{u'stateAbv': u'MI'}
700,,Bay Archery,{u'stateAbv': u'MI'}
701,mailto:spotshooterarchery@yahoo.com,Spot Shooter Archery LLC,{u'stateAbv': u'MI'}
702,mailto:nb@att.net,Whispering Pines Archery,{u'stateAbv': u'MI'}
703,mailto:gilkessteven@yahoo.com,Ed's Archery & Sporting Goods Inc,{u'stateAbv': u'MI'}
704,,Tsm Archery,{u'stateAbv': u'MS'}
705,mailto:chad@recurves.com,Champion Cust Bow Strings,{u'stateAbv': u'MS'}
706,mailto:gundeal@bellsouth.net,Brown's Gunsmith & Repair,{u'stateAbv': u'MS'}
707,mailto:bandbarchery@rocketmail.com,B&B Archery Inc.,{u'stateAbv': u'MS'}
708,mailto:info@regentarchery.com,Hurley Archery & Sports Ctr,{u'stateAbv': u'MS'}
709,,Kent Smith Pro Shop,{u'stateAbv': u'MS'}
710,mailto:david@lonnies-sportinggoods.com,Lonnie's Sporting Goods,{u'stateAbv': u'MS'}
711,,Willie's Gun Shop,{u'stateAbv': u'MS'}
712,,"Goff, Sherwood L",{u'stateAbv': u'MS'}
713,mailto:retail@bowieoutfitters.com,Bowie Outfitters,{u'stateAbv': u'MS'}
714,,Lakeway Archery,{u'stateAbv': u'MS'}
715,mailto:outfitter49@gmail.com,The Outfitter,{u'stateAbv': u'MS'}
716,mailto:leafriversportsllc@yahoo.com,Leaf River Outdoor Sports,{u'stateAbv': u'MS'}
717,mailto:mitchell.extremeop@gmail.com,Extreme Outdoor Products,{u'stateAbv': u'MS'}
718,mailto:wagesjohnm@comcast.net,Xtreme Outfitters,{u'stateAbv': u'MS'}
719,,Southern Sportsman,{u'stateAbv': u'MS'}
720,,Richey's Guns & Archery,{u'stateAbv': u'MS'}
721,,Lonnie's Sporting Goods,{u'stateAbv': u'MS'}
722,mailto:service@gandermtn.com,Gander Mountain,{u'stateAbv': u'MS'}
723,mailto:contact@thebulletholeindoorrange.com,Bullet Hole Indoor Range,{u'stateAbv': u'MS'}
724,,MudCreek Archery,{u'stateAbv': u'MS'}
725,,Columbia Outdoors,{u'stateAbv': u'MS'}
726,,Brothers N Arms Gun Range,{u'stateAbv': u'MS'}
727,,FARMERS INCORPORATED,{u'stateAbv': u'MS'}
728,mailto:rtardo@cableone.net,Deep South Sporting Goods,{u'stateAbv': u'MS'}
729,,Hunter's Den,{u'stateAbv': u'MN'}
730,,Bower Useful Products Inc,{u'stateAbv': u'MN'}
731,,Choo Choo Charlies,{u'stateAbv': u'MN'}
732,,MidWest Archery,{u'stateAbv': u'MN'}
733,,Archery Cave,{u'stateAbv': u'MN'}
734,,Archery Innovations,{u'stateAbv': u'MN'}
735,,Inrange,{u'stateAbv': u'MN'}
736,,Lacrosse Archery of Winnona,{u'stateAbv': u'MN'}
737,,Southwest Bowbenders,{u'stateAbv': u'MN'}
738,,Page Lake Archery,{u'stateAbv': u'MN'}
739,,Desoto Outdoors and Archery,{u'stateAbv': u'MS'}
740,,High Five Archery,{u'stateAbv': u'MN'}
741,mailto:wildriverarchery@hotmail.com,Wild River Archery,{u'stateAbv': u'MN'}
742,mailto:jlar482@aol.com,Bwana Archery,{u'stateAbv': u'MN'}
743,,Average Joes Bowfishing,{u'stateAbv': u'MN'}
744,mailto:mnaorders@minnesotaarchery.com,Minnesota Archery,{u'stateAbv': u'MN'}
745,,Average Joe's Archery,{u'stateAbv': u'MN'}
746,mailto:archeryhqmarty@yahoo.com,Archery Headquarters Inc,{u'stateAbv': u'MN'}
747,,Bluff County Archery,{u'stateAbv': u'MN'}
748,,Archery Club,{u'stateAbv': u'MN'}
749,mailto:schafferarchery@earthlink.net,Schaffer Performance Archery,{u'stateAbv': u'MN'}
750,mailto:sales@archerycountry.com,Archery Country,{u'stateAbv': u'MN'}
751,,Minnesota NorthStar Archery Club,{u'stateAbv': u'MN'}
752,,Golf Group Inc,{u'stateAbv': u'MN'}
753,mailto:mikesarcherycntr@aol.com,Mikes Archery Ctr Inc,{u'stateAbv': u'MN'}
754,mailto:archeryhqmarty@yahoo.com,Archery Headquarters,{u'stateAbv': u'MN'}
755,mailto:sales@prairiearchery.com,Prairie Archery,{u'stateAbv': u'MN'}
756,mailto:paul@hunter-tech.net,HunterTech,{u'stateAbv': u'MN'}
757,,One Shot Archery,{u'stateAbv': u'NE'}
758,,Xtreme Archery,{u'stateAbv': u'NE'}
759,,Blue River Archery,{u'stateAbv': u'NE'}
760,,Premier Archery,{u'stateAbv': u'NE'}
761,,Wolf Tackle Shop,{u'stateAbv': u'NE'}
762,,Cabela's,{u'stateAbv': u'NE'}
763,,Premier Archery,{u'stateAbv': u'NE'}
764,mailto:info@archerycountry.com,Archery Country,{u'stateAbv': u'MN'}
765,,Bow-Winkles Archery & Outdoors,{u'stateAbv': u'NE'}
766,mailto:corporate@cabelas.com,Cabela's,{u'stateAbv': u'NE'}
767,mailto:club.e-mail@cabelas.com,Cabela's,{u'stateAbv': u'NE'}
768,mailto:shop@averagejoesarchery.com,Average Joes Archery,{u'stateAbv': u'MN'}
769,mailto:corporate@cabelas.com,Cabela's,{u'stateAbv': u'NE'}
770,,Bowmin Archery,{u'stateAbv': u'NE'}
771,,Cabela's,{u'stateAbv': u'NE'}
772,mailto:tarchery@gtmc.net,Thompson Archery,{u'stateAbv': u'NE'}
773,mailto:MKelsay@hunters-hq.com,Hunter's Headquarters,{u'stateAbv': u'NE'}
774,,Roger's Outdoor Connection,{u'stateAbv': u'NE'}
775,mailto:support@sausa.com,Saunders Archery Co,{u'stateAbv': u'NE'}
776,,Paul's Archery,{u'stateAbv': u'NE'}
777,,Xtreme Archery,{u'stateAbv': u'NE'}
778,mailto:cabelas@embarqmail.com,Cabela's,{u'stateAbv': u'NE'}
779,mailto:robinhoodarcheryfremont@gmail.com,Robinhood Archery Club,{u'stateAbv': u'NE'}
780,mailto:hpsp@grand-island.com,City of Grand Island - Heartland Public Shooting Park,{u'stateAbv': u'NE'}
781,mailto:info@bbbnebraska.org,Nelson Archery Pro Shop,{u'stateAbv': u'NE'}
782,mailto:hogiesandsport@windstream.net,Hogie's Gun Sport,{u'stateAbv': u'NE'}
783,mailto:anthonyyates87@yahoo.com,primitive woods archery,{u'stateAbv': u'NE'}
784,,D B Archery,{u'stateAbv': u'NE'}
785,,Trinity Archery,{u'stateAbv': u'MT'}
786,mailto:info@trophytaker.com,Trophy Taker,{u'stateAbv': u'MT'}
787,,Trinity Archery,{u'stateAbv': u'MT'}
788,,Sanford Innovations Inc,{u'stateAbv': u'MT'}
789,,Viking Voyager,{u'stateAbv': u'MT'}
790,,Big Bull Sports LLC,{u'stateAbv': u'MT'}
791,,Cabela's,{u'stateAbv': u'MT'}
792,,Moccasin Joe Distributing Inc,{u'stateAbv': u'MT'}
793,mailto:sarchery@questoffice.net,Selway Archery,{u'stateAbv': u'MT'}
794,mailto:info@tightspotquiver.com,Tight Spot Quivers,{u'stateAbv': u'MT'}
795,,Eds Archery,{u'stateAbv': u'MT'}
796,mailto:spiritquestarcheryinc@gmail.com,Spirit Quest Archery,{u'stateAbv': u'MT'}
797,,Ripcord Tech,{u'stateAbv': u'MT'}
798,,Whispering Wind Arrows,{u'stateAbv': u'MT'}
799,,Shedhorn Sports,{u'stateAbv': u'MT'}
800,,Rocky Mountain Archery,{u'stateAbv': u'MT'}
801,,Lewis & Clark Archers,{u'stateAbv': u'MT'}
802,,Schafer Silvertip Custom Bows,{u'stateAbv': u'MT'}
803,,Bitterroot Valley Archery,{u'stateAbv': u'MT'}
804,mailto:info@bluecreeksport.com,Blue Creek Sport Shooting,{u'stateAbv': u'MT'}
805,mailto:logworker@yahoo.com,The Canoeing House -Rentals and Shuttles,{u'stateAbv': u'MT'}
806,mailto:3darchery1@gmail.com,3-D Archery Supply,{u'stateAbv': u'MT'}
807,mailto:browns@telus.net,The Archery Center of Montana,{u'stateAbv': u'MT'}
808,,Big Sky Archery,{u'stateAbv': u'MT'}
809,mailto:robertsonwolfgang@yahoo.com,"Robertson Stykbow, Inc.",{u'stateAbv': u'MT'}
810,,Spring Creek Archery,{u'stateAbv': u'MT'}
811,mailto:sargesmarket@aol.com,Sarge's Bait & Tackle,{u'stateAbv': u'MD'}
812,mailto:LambKen@tackleboxtx.com,Tackle Box,{u'stateAbv': u'MD'}
813,,Strut N Rut,{u'stateAbv': u'MD'}
814,,Bill's Outdoor Ctr,{u'stateAbv': u'MD'}
815,,3 J's Archery,{u'stateAbv': u'MD'}
816,mailto:charlie@cypresscreekarchery.com,Cypress Creek Archery,{u'stateAbv': u'MD'}
817,,Buffalo Jump Archery,{u'stateAbv': u'MT'}
818,mailto:TuckahoeSportsman@hotmail.com,Tuckahoe Sportsman,{u'stateAbv': u'MD'}
819,,,{u'stateAbv': u'MT'}
820,,Anglers Sport Center,{u'stateAbv': u'MD'}
821,,Sang Run Sports Shop,{u'stateAbv': u'MD'}
822,mailto:service@gandermtn.com,Gander Mountain,{u'stateAbv': u'MD'}
823,,Bay Country Archery,{u'stateAbv': u'MD'}
824,,Chesapeake Outdoors,{u'stateAbv': u'MD'}
825,,Arrow & Bullet,{u'stateAbv': u'MD'}
826,mailto:lenMacro@aol.com,Macrotech Archery Pro Shop,{u'stateAbv': u'MD'}
827,mailto:getabow@comcast.net,No Frontiers Archery,{u'stateAbv': u'MD'}
828,,Wink's Sporting Goods,{u'stateAbv': u'MD'}
829,,"Olbn, Inc",{u'stateAbv': u'MD'}
830,mailto:susie@crosswindoutdoors.com,Gun Shack,{u'stateAbv': u'MD'}
831,mailto:ebush362@yahoo.com,Bush Archery,{u'stateAbv': u'MD'}
832,mailto:letsgohunting@schradershunting.com,"Schrader's Outdoors, LLC",{u'stateAbv': u'MD'}
833,,Heads or Tails,{u'stateAbv': u'MD'}
834,mailto:bowhuntersdenmarland@gmail.com,Bow Hunters Den,{u'stateAbv': u'MD'}
835,mailto:info@jeffersonarchery.com,Tuscarora Archers,{u'stateAbv': u'MD'}
836,mailto:superiorarchery@gmail.com,Superior Archery,{u'stateAbv': u'MT'}
837,mailto:info@AppalachianArchery.com,Appalachian Archery,{u'stateAbv': u'MD'}
838,,Deer Creek Archery,{u'stateAbv': u'MD'}
839,mailto:info@jeffersonarchery.com,Jefferson Archery,{u'stateAbv': u'MD'}
840,,Whitetail Outpost,{u'stateAbv': u'MD'}
841,mailto:info@megasportsfarmington.com,Mega Sports,{u'stateAbv': u'MO'}
842,,Outback Archery of Joplin LLC,{u'stateAbv': u'MO'}
843,mailto:fulfillment@ymca.net,Ymca,{u'stateAbv': u'MO'}
844,mailto:clydessportshop@comcast.net,Clyde's Sport Shop,{u'stateAbv': u'MD'}
845,mailto:info@autumnskyoutfitters.com,Autumn Sky Outfitters,{u'stateAbv': u'MD'}
846,,Bloodsport Archery,{u'stateAbv': u'MO'}
847,,Wild Idea Archery,{u'stateAbv': u'MO'}
848,,River Bluff Archery,{u'stateAbv': u'MO'}
849,mailto:centralmoarchery@gmail.com,Central Missouri Archery,{u'stateAbv': u'MO'}
850,,Oak Grove Archery,{u'stateAbv': u'MO'}
851,,River Bluff Archery,{u'stateAbv': u'MO'}
852,,James River Archery,{u'stateAbv': u'MO'}
853,,Oak Grove Archery,{u'stateAbv': u'MO'}
854,mailto:ferno2007@yahoo.com,The Bow Shop,{u'stateAbv': u'MO'}
855,,Summit Archery Center,{u'stateAbv': u'MO'}
856,,Hideaway Archery,{u'stateAbv': u'MO'}
857,mailto:bransonarchery@gmail.com,Branson Archery,{u'stateAbv': u'MO'}
858,mailto:after5@semo.net,After 5 Archery Range,{u'stateAbv': u'MO'}
859,mailto:Teresa.Wells@wi.com,Treestand Archery Pro Shop,{u'stateAbv': u'MO'}
860,mailto:jordon@evolvedarchery.com,Evolved Archery,{u'stateAbv': u'MO'}
861,mailto:efa@cvalley.net,East Fork Archery,{u'stateAbv': u'MO'}
862,mailto:mizzou92@hotmail.com,Easy Shoot Archery Range,{u'stateAbv': u'MO'}
863,mailto:sales@movalleymerc.com,Missouri Valley Archery,{u'stateAbv': u'MO'}
864,mailto:bowfreaksarchery@centurytel.net,Bowfreaks Archery,{u'stateAbv': u'MO'}
865,mailto:mhawley@cbayou.org,The Great Olympian Archery Range,{u'stateAbv': u'MO'}
866,,Zeroed In LLC,{u'stateAbv': u'MO'}
867,mailto:tony@dennydennis.com,Denny Dennis Sporting Goods,{u'stateAbv': u'MO'}
868,mailto:info@jandboutdoors.com,J & B Outdoors,{u'stateAbv': u'MO'}
869,,Archery Quest Inc,{u'stateAbv': u'MO'}
870,mailto:after5@semo.net,After 5 Archery Range,{u'stateAbv': u'MO'}
871,mailto:peter@fishchappy.com,Larry's Tackle Shop,{u'stateAbv': u'MA'}
872,,Webster Lake Sporting,{u'stateAbv': u'MA'}
873,mailto:Bgwfldma@comcast.net,B G Sporting Inc,{u'stateAbv': u'MA'}
874,mailto:bobsgunarchery@gmail.com,Bob's Gun & Archery Pro Shop,{u'stateAbv': u'MA'}
875,mailto:Info@JerrysBaitAndTackle.com,Jerry's Bait & Tackle,{u'stateAbv': u'MA'}
876,,Arrowspeed Archery,{u'stateAbv': u'MA'}
877,,Emery Loiselle Eryleen Archery,{u'stateAbv': u'MA'}
878,,Archery Plus,{u'stateAbv': u'MA'}
879,mailto:daves1164@aol.com,Dave's Sporting Goods,{u'stateAbv': u'MA'}
880,mailto:dricci@archersartemis.com,Archers Artemis,{u'stateAbv': u'MA'}
881,mailto:bluenortherntrading@verizon.net,Blue Northern Trading Co,{u'stateAbv': u'MA'}
882,mailto:riverviewb@verizon.net,Riverview Bait & Tackle,{u'stateAbv': u'MA'}
883,mailto:Membership@agawambowmen.org,Agawam Bowmen Club Inc,{u'stateAbv': u'MA'}
884,mailto:mansfieldfish@mansfieldfish.com,Mansfield Fish & Game Assn,{u'stateAbv': u'MA'}
885,,Archer's Lane,{u'stateAbv': u'MA'}
886,mailto:sales@acearchers.com,"Ace Archers, Inc.",{u'stateAbv': u'MA'}
887,mailto:midwaytrapandskeetclub@gmail.com,Midway Trap & Skeet,{u'stateAbv': u'MA'}
888,,The Archery Center,{u'stateAbv': u'MA'}
889,mailto:chris@reedysarchery.com,Reedy's Archery Inc,{u'stateAbv': u'MA'}
890,mailto:baystatearchery@ymail.com,Baystate Archery Center,{u'stateAbv': u'MA'}
891,mailto:reedysarchery2@aol.com,Reedy's Archery,{u'stateAbv': u'MA'}
892,mailto:traderjans@aol.com,Trader Jan's Archery Pro-Shop,{u'stateAbv': u'MA'}
893,mailto:kyle@amherstarchery.com,"Amherst Archery Academy, LLC",{u'stateAbv': u'MA'}
894,mailto:webmaster_tepee@massbusiness.com,Tepee Archery & Supply,{u'stateAbv': u'MA'}
895,,BackWoods Bait & Tackle,{u'stateAbv': u'ME'}
896,mailto:info@wabanakiwilderness.com,Wabanaki Wilderness,{u'stateAbv': u'ME'}
897,mailto:xspotarchery@yahoo.com,XSPOT Archery,{u'stateAbv': u'MA'}
898,,Carone Refrigeration Co,{u'stateAbv': u'ME'}
899,,Gravel Path Archery & Gun Shop,{u'stateAbv': u'ME'}
900,mailto:pedgecomb@cmcc1.com,Central Maine Conditioning Clinic,{u'stateAbv': u'ME'}
901,mailto:cabelasnews@cabelas.com,Cabela's,{u'stateAbv': u'ME'}
902,,Moose Ridge Trading Post,{u'stateAbv': u'ME'}
903,,S R C & K Archery,{u'stateAbv': u'ME'}
904,,Village Store & Archery,{u'stateAbv': u'ME'}
905,mailto:fastflightarchery@gmail.com,Fast Flight Archery Inc,{u'stateAbv': u'ME'}
906,,Village Store & Archery,{u'stateAbv': u'ME'}
907,mailto:HowellC@howellsguns.com,Howells Gun & Archery Center,{u'stateAbv': u'ME'}
908,,Black Sheep Archery,{u'stateAbv': u'ME'}
909,mailto:lakesidearchery@gmail.com,Lakeside Archery,{u'stateAbv': u'ME'}
910,,Lakeside Archery,{u'stateAbv': u'ME'}
911,,Dunsmoor Steve,{u'stateAbv': u'ME'}
912,,Old Town Archery,{u'stateAbv': u'ME'}
913,,Central Maine Archery,{u'stateAbv': u'ME'}
914,,Chet's Custom Bow Shop,{u'stateAbv': u'ME'}
915,mailto:dngarcher@yahoo.com,D & G Archery Pro Shop,{u'stateAbv': u'ME'}
916,,Hope Valley Bait & Tackle,{u'stateAbv': u'RI'}
917,,"Everything For Hunting, Inc.",{u'stateAbv': u'OK'}
918,,Big Bear Fishing & Hunting,{u'stateAbv': u'RI'}
919,,In The Woods Sporting Clays and 3D Archery,{u'stateAbv': u'SD'}
920,mailto:rlarchery@aol.com,R & L Archery,{u'stateAbv': u'VT'}
921,mailto:jrbowstrings@gmail.com,JR Bowstrings,{u'stateAbv': u'SD'}
922,mailto:foxbows@eoni.com,Fox Archery,{u'stateAbv': u'OR'}
923,mailto:customerservice@freedomfirstoutfitters.com,Freedom First Outfitters,{u'stateAbv': u'SC'}
924,mailto:john@racknreel.com,Rack 'N Reel Sporting Goods,{u'stateAbv': u'VT'}
925,mailto:info@theoutdoorconnectioninc.com,Outdoor Connection,{u'stateAbv': u'TN'}
926,,Gander Mountain,{u'stateAbv': u'VA'}
927,,Pronghorn Custom Bows,{u'stateAbv': u'WY'}
928,mailto:midsoutharchery@gmail.com,Imaging Assoc Inc,{u'stateAbv': u'TN'}
929,,Bullseye Archery,{u'stateAbv': u'WY'}
930,mailto:sportsmenxchange@gmail.com,Sportsman's Xchange,{u'stateAbv': u'WI'}
931,mailto:silentoutdoors@silentoutdoorssparta.com,Silent Outdoors,{u'stateAbv': u'WI'}
932,,Headhunters Headquarters,{u'stateAbv': u'VA'}
933,mailto:jennifer@littlejons.com,Little Jon's Archery,{u'stateAbv': u'WI'}
934,,J's Archery Pro Shop,{u'stateAbv': u'WI'}
935,mailto:webmaster@kenoshabowmen.com,Kenosha Bowmen Inc,{u'stateAbv': u'WI'}
936,mailto:bill@antlersarchery.com,Antlers Archery,{u'stateAbv': u'WI'}
937,mailto:monsoorssportshop@hotmail.com,Monsoor's Sport Shop,{u'stateAbv': u'WI'}
938,mailto:hcbows2@yahoo.com,Hunters Choice-Archery,{u'stateAbv': u'WI'}
939,mailto:josh@openskyarchery.com,Open Sky Archery LLC,{u'stateAbv': u'WI'}
940,,Newburg Sportsman's Club,{u'stateAbv': u'WI'}
941,mailto:tuffysoutpost@gmail.com,Tuffy's Outpost,{u'stateAbv': u'WI'}
942,mailto:chaseoutdoorsllc@gmail.com,Chase Outdoors,{u'stateAbv': u'WI'}
943,,Shaft Sports,{u'stateAbv': u'WI'}
944,mailto:goldenarrowarchery@hotmail.com,Golden Arrow Archery Club,{u'stateAbv': u'WI'}
945,mailto:info@old45archery.com,Old 45 Archery,{u'stateAbv': u'WI'}
946,mailto:fred@westtownarchery.com,West Town Archery,{u'stateAbv': u'WI'}
947,mailto:josh@openskyarchery.com,Open Sky Archery,{u'stateAbv': u'WI'}
948,,Big Falls Bowhunters Archery,{u'stateAbv': u'WI'}
949,mailto:bucktrailarchers.bta@gmail.com,Buck Trail Archers Inc,{u'stateAbv': u'WI'}
950,mailto:bk3archery@yahoo.com,"BKIII Archery, L.L.C.",{u'stateAbv': u'WI'}
951,,Forge Bow Outlet Store,{u'stateAbv': u'WI'}
952,mailto:whitey@deerfieldpistol.com,Deerfield Pistol & Archery Ctr,{u'stateAbv': u'WI'}
953,mailto:forgebow@aol.com,Forge Bow Outlet Store,{u'stateAbv': u'WI'}
954,mailto:bowmastr@wi.net,Shooters Sport Center,{u'stateAbv': u'WI'}
955,,Mouldy's Archery & Tackle,{u'stateAbv': u'WI'}
956,mailto:lenaswamp@ez-net.com,Lena Swamp Archery,{u'stateAbv': u'WI'}
957,,Advanced Archery,{u'stateAbv': u'WI'}
958,,Whale-Tales Archery,{u'stateAbv': u'WI'}
959,,Fletch Setter Archery,{u'stateAbv': u'WA'}
960,mailto:kelsey@luvtohunt.com,High Mountain Hunting Supply,{u'stateAbv': u'WA'}
961,mailto:info@sureshotguns.com,Sure Shot Guns & Pawn,{u'stateAbv': u'WA'}
962,mailto:info@arrolast.com,Arro-Last Target Systems,{u'stateAbv': u'WA'}
963,mailto:cascadebow@aol.com,Cascade Archery,{u'stateAbv': u'WA'}
964,,Martin Archery Inc,{u'stateAbv': u'WA'}
965,mailto:riversidearchery@verizon.net,Riverside Archery Inc,{u'stateAbv': u'WA'}
966,,High Speed Archery,{u'stateAbv': u'WA'}
967,,Bob's Sporting Goods,{u'stateAbv': u'WA'}
968,mailto:info@whitetailplus.com,Cessnun Inc,{u'stateAbv': u'WA'}
969,,Radicalarchery Designs,{u'stateAbv': u'WA'}
970,mailto:buckruboutfitters@yahoo.com,Buck Rub Outfitters LTD,{u'stateAbv': u'WI'}
971,mailto:tjschindler3@msn.com,Lucky Shot Archery,{u'stateAbv': u'WA'}
972,,Northwest Archery,{u'stateAbv': u'WA'}
973,mailto:sales@cascadeoutfitters.com,Cascade Outfitters,{u'stateAbv': u'WA'}
974,mailto:arrow@olypen.com,Hilderbrand Traditional,{u'stateAbv': u'WA'}
975,,Inland Archery,{u'stateAbv': u'WA'}
976,mailto:gunandbow@aol.com,Gun & Bow,{u'stateAbv': u'WA'}
977,,Darrington Archery,{u'stateAbv': u'WA'}
978,mailto:info@pspilots.org,Puget Sound Archery,{u'stateAbv': u'WA'}
979,mailto:club@wcwinc.org,Kenmore Gun Ranges,{u'stateAbv': u'WA'}
980,mailto:mtclemansarchery@live.com,Mt Clements Archery Range,{u'stateAbv': u'WA'}
981,mailto:info@whitetailplus.com,Whitetail Plus Archery Pro,{u'stateAbv': u'WA'}
982,mailto:svarchery1@gmail.com,Spokane Valley Archery,{u'stateAbv': u'WA'}
983,,Interlake Sporting Assn,{u'stateAbv': u'WA'}
984,,Toxophilite,{u'stateAbv': u'WA'}
985,mailto:nextsteparchery@gmail.com,Next Step Archery,{u'stateAbv': u'WA'}
986,,Skookum Archers,{u'stateAbv': u'WA'}
987,mailto:bill@thenockpoint.com,Nock Point,{u'stateAbv': u'WA'}
988,mailto:Rockcreekarchery@yahoo.com,Rock Creek Archery,{u'stateAbv': u'WA'}
989,,Wyoming Archery,{u'stateAbv': u'WY'}
990,mailto:wyomingarchery@gmail.com,Wyoming Archery,{u'stateAbv': u'WY'}
991,,Bullseye Archery,{u'stateAbv': u'WY'}
992,mailto:wyomingarchery@gmail.com,Wyoming Archery,{u'stateAbv': u'WY'}
993,,Bullseye Archery,{u'stateAbv': u'WY'}
994,,Archery Xtreme,{u'stateAbv': u'WY'}
995,mailto:neal@archeryunlimitedllc.net,Archery Unlimited,{u'stateAbv': u'WY'}
996,,L C Sales,{u'stateAbv': u'WY'}
997,,Rocky Mountain Discount Sports,{u'stateAbv': u'WY'}
998,,B & W Archery,{u'stateAbv': u'WY'}
999,mailto:purearchery@gmail.com,Pure Archery,{u'stateAbv': u'WY'}
1000,mailto:bgwood1@hotmail.com,B & W Archery,{u'stateAbv': u'WY'}
1001,,FULL DRAW ARCHERY,{u'stateAbv': u'VA'}
1002,,High Country Sporting Goods,{u'stateAbv': u'WY'}
1003,mailto:wayne@baldbearoutdoors.com,Bald Bear Outdoors,{u'stateAbv': u'VA'}
1004,mailto:bobmoatesss@yahoo.com,Moates Bob Sports Shop,{u'stateAbv': u'VA'}
1005,mailto:customer-service@colgardsports.com,Colgard Outdoor Sports,{u'stateAbv': u'VA'}
1006,,Quintessential Corp.,{u'stateAbv': u'VA'}
1007,,Evans Archery,{u'stateAbv': u'VA'}
1008,mailto:info@parkerbows.com,Parker Compound Bows Inc,{u'stateAbv': u'VA'}
1009,mailto:bevgunshop@gmail.com,Beverly's Gun Archery & Pawn,{u'stateAbv': u'VA'}
1010,mailto:whitetailoutfitters@yahoo.com,Whitetail Outfitters Ltd,{u'stateAbv': u'VA'}
1011,,Monty Goff,{u'stateAbv': u'VA'}
1012,mailto:wildsky7@hotmail.com,Northern Virginia Archers Inc,{u'stateAbv': u'VA'}
1013,mailto:blackwater_bowhunters@yahoo.com,"Blackwater Bowhunters, Inc.",{u'stateAbv': u'VA'}
1014,mailto:blueridgearsenal@aol.com,Blue Ridge Arsenal Winding Brook,{u'stateAbv': u'VA'}
1015,mailto:rockymtncasper@yahoo.com,Rocky Mountain Discount Sports,{u'stateAbv': u'WY'}
1016,,Sherwood Archery Inc,{u'stateAbv': u'VA'}
1017,,Archery Program At Bull Run,{u'stateAbv': u'VA'}
1018,,Prince William Archery Club,{u'stateAbv': u'VA'}
1019,,Wilcox Indoor Archery Range,{u'stateAbv': u'VA'}
1020,,Pullin Archery Products,{u'stateAbv': u'VA'}
1021,,The Archery Program At Bull Run,{u'stateAbv': u'VA'}
1022,,Shoot Yeah Archery,{u'stateAbv': u'VA'}
1023,mailto:huntnshak@comcast.net,HNS Archery,{u'stateAbv': u'VA'}
1024,,Cedar Creek Archery,{u'stateAbv': u'VA'}
1025,,Grizzly Archery,{u'stateAbv': u'VA'}
1026,mailto:huntnshak@comcast.net,HNS Archery,{u'stateAbv': u'VA'}
1027,mailto:hitecoutdoors@aol.com,High Tech Outdoors & Archery,{u'stateAbv': u'VA'}
1028,mailto:Hoffmanarchery@comcast.net,"1Hoffman Archery, Inc.",{u'stateAbv': u'VA'}
1029,mailto:info@gandswildcountry.com,G & S Wild Country Outfitters,{u'stateAbv': u'VA'}
1030,mailto:redarrow@jbcs.com,Lubbock Indoor Archery,{u'stateAbv': u'TX'}
1031,mailto:archeryoutfittersint@yahoo.com,Archery Outfitters Int,{u'stateAbv': u'TX'}
1032,mailto:info@archeryshootemup.com,Shoot Em Up Archery,{u'stateAbv': u'TX'}
1033,mailto:info@precisionarcheryonline.com,Precision Archery,{u'stateAbv': u'TX'}
1034,,Gateway Artcherv Inc,{u'stateAbv': u'TX'}
1035,mailto:info@sportsmanselite.com,Sportsman's Elite,{u'stateAbv': u'TX'}
1036,mailto:sales@oasisoutback.com,Oasis Outback,{u'stateAbv': u'TX'}
1037,mailto:luckiemike@gmail.com,Archery Country,{u'stateAbv': u'TX'}
1038,,Outdoor Pro Shops Inc,{u'stateAbv': u'TX'}
1039,,C & S Archery,{u'stateAbv': u'TX'}
1040,,Viking Archery,{u'stateAbv': u'TX'}
1041,mailto:panhandlearchery@suddenlink.net,Panhandle Archery Outfitters LLP,{u'stateAbv': u'TX'}
1042,mailto:carchery1@yahoo.com,Clyde's Archery Inc,{u'stateAbv': u'TX'}
1043,,On Target Archery,{u'stateAbv': u'TX'}
1044,,Bow PRO Shop,{u'stateAbv': u'TX'}
1045,,Leach Custom Bows,{u'stateAbv': u'TX'}
1046,,Live Oak Archery,{u'stateAbv': u'TX'}
1047,mailto:info@archeryshacktexas.com,Archery Shack Texas,{u'stateAbv': u'TX'}
1048,mailto:info@CollinCountyArchery.com,Collin County Archery,{u'stateAbv': u'TX'}
1049,,Broken Arrow Archery Llc,{u'stateAbv': u'TX'}
1050,mailto:jncarchery13@gmail.com,J 'n C Archery,{u'stateAbv': u'TX'}
1051,mailto:seymoreoutdoors@yahoo.com,Mesquite Archery,{u'stateAbv': u'TX'}
1052,,Big O's Archery,{u'stateAbv': u'TX'}
1053,,Lake Brownwood Firearm And Archery,{u'stateAbv': u'TX'}
1054,mailto:rcarchery@sbcglobal.net,R & C Archery,{u'stateAbv': u'TX'}
1055,,All Star Marine and Archery,{u'stateAbv': u'TX'}
1056,mailto:tammera@davidsoutdoorsonline.com,David's Outdoors,{u'stateAbv': u'TX'}
1057,mailto:bsg@bizlaredo.rr.com,Border Sporting Goods,{u'stateAbv': u'TX'}
1058,mailto:Mownbey0628@yahoo.com,Fishtales,{u'stateAbv': u'TN'}
1059,,Jeff's Outdoors,{u'stateAbv': u'TN'}
1060,mailto:harvie@uneeditarchery.com,U Need It Archery,{u'stateAbv': u'TN'}
1061,mailto:rogerwall@ymail.com,Smithfield Archery,{u'stateAbv': u'TX'}
1062,,Custom Gear,{u'stateAbv': u'TN'}
1063,,Anderson's Sporting Goods,{u'stateAbv': u'TN'}
1064,,Gander Mountain,{u'stateAbv': u'TN'}
1065,mailto:buckhornhf@highland.net,Buckhorn Hunting & Fishing,{u'stateAbv': u'TN'}
1066,,Ck Outfitters,{u'stateAbv': u'TN'}
1067,,H Lazy H Archery,{u'stateAbv': u'TN'}
1068,,TN Archery Lessons,{u'stateAbv': u'TN'}
1069,,Music City Archery,{u'stateAbv': u'TN'}
1070,mailto:intsales@highcountryarchery.com,High Country Archery,{u'stateAbv': u'TN'}
1071,,The Archery Den,{u'stateAbv': u'TN'}
1072,,World Class Archery,{u'stateAbv': u'TN'}
1073,,"Bobby D,S Archery",{u'stateAbv': u'TN'}
1074,,Music City Archery,{u'stateAbv': u'TN'}
1075,mailto:everythingarchery@yahoo.com,Everything Archery,{u'stateAbv': u'TN'}
1076,mailto:retail@royalrangeusa.com,Royal Ranges,{u'stateAbv': u'TN'}
1077,mailto:DesertDogsCamo@gmail.com,Desert Dogs Camo & Archery,{u'stateAbv': u'TN'}
1078,,River City Archery,{u'stateAbv': u'TN'}
1079,mailto:gatlingun98@hotmail.com,Gatlin Guns & Archery,{u'stateAbv': u'TN'}
1080,mailto:bowmedicarchery@yahoo.com,The Bow Medic Archery Pro-Shop,{u'stateAbv': u'TN'}
1081,mailto:choochooarchery@yahoo.com,Choo Choo Archery,{u'stateAbv': u'TN'}
1082,mailto:randy@mborooutdoors.com,Murfreesboro Outdoors,{u'stateAbv': u'TN'}
1083,mailto:whitetailcrazy@charter.net,Backwoods Archery,{u'stateAbv': u'TN'}
1084,mailto:stevesgun@hotmail.com,Steve's Gun & Archery,{u'stateAbv': u'TN'}
1085,,Gander Mountain,{u'stateAbv': u'SC'}
1086,,Gander Mountain,{u'stateAbv': u'SC'}
1087,mailto:ghughes@huntersheadquarters.com,Hunters Headquaters,{u'stateAbv': u'SC'}
1088,,Gander Mountain,{u'stateAbv': u'SC'}
1089,,Cabela's,{u'stateAbv': u'SC'}
1090,mailto:lexoutdoors@windstream.net,Lexington Outdoors and Archery,{u'stateAbv': u'SC'}
1091,,Sandune Archery Club,{u'stateAbv': u'SC'}
1092,,His & Her Archery,{u'stateAbv': u'SC'}
1093,,Sportsman Inc,{u'stateAbv': u'SC'}
1094,mailto:daveandelll@straightshotarchery.com,StraightShotArchery,{u'stateAbv': u'SC'}
1095,mailto:sales@southerndrawarchery.com,Southern Draw Archery,{u'stateAbv': u'SC'}
1096,mailto:atlanticgameandtackle@gmail.com,Atlantic Game & Tackle,{u'stateAbv': u'SC'}
1097,mailto:archeryshack@aol.com,The Archeryshack,{u'stateAbv': u'SC'}
1098,,Calhoun's Archery Shop,{u'stateAbv': u'SC'}
1099,,,{u'stateAbv': u'TN'}
1100,,The Archery Shop Ii,{u'stateAbv': u'SC'}
1101,,Bolt's Archery,{u'stateAbv': u'SC'}
1102,mailto:sgrace8388@aol.com,S & D Gun Shop,{u'stateAbv': u'SC'}
1103,,Garners Huntin & Fishin The Outdoors,{u'stateAbv': u'SC'}
1104,,3g Archery,{u'stateAbv': u'SC'}
1105,mailto:henryssportinggoods@hotmail.com,"Henry's Marine, Hunting & Fishing",{u'stateAbv': u'SC'}
1106,mailto:russ9160@charter.net,Saluda River Archery,{u'stateAbv': u'SC'}
1107,,JW Firearms LLC,{u'stateAbv': u'SC'}
1108,mailto:stewartbows@gmail.com,Stewart Hybrid Bows,{u'stateAbv': u'SC'}
1109,mailto:huntnscott@yahoo.com,Crossroads Archery,{u'stateAbv': u'SC'}
1110,mailto:techja@jefferyarchery.com,"Jeffery, Archery",{u'stateAbv': u'SC'}
1111,mailto:bbroutdoors@gmail.com,BBR Outdoors,{u'stateAbv': u'SC'}
1112,mailto:wayne@doddsports.com,Dodd's Sporting Goods,{u'stateAbv': u'WV'}
1113,mailto:archeryshack@gmail.com,The Archeryshack,{u'stateAbv': u'SC'}
1114,mailto:irbystreet@aol.com,Irby Street Sporting Goods,{u'stateAbv': u'SC'}
1115,mailto:info@blackstarguns.com,Black Star Trading Co,{u'stateAbv': u'WV'}
1116,,"Critical Customs, LLC",{u'stateAbv': u'WV'}
1117,,The Outdoor Store,{u'stateAbv': u'WV'}
1118,mailto:Sales@valleyguns2.com,Valley Guns Ii,{u'stateAbv': u'WV'}
1119,,Flat Top Arms,{u'stateAbv': u'WV'}
1120,,Mountain Heritage Archery,{u'stateAbv': u'WV'}
1121,mailto:caponsportshop@frontier.com,Capon Sport Shop,{u'stateAbv': u'WV'}
1122,,Middle Mountain Archery,{u'stateAbv': u'WV'}
1123,,Boone's Bow Shop,{u'stateAbv': u'WV'}
1124,,Bow Shop,{u'stateAbv': u'WV'}
1125,,Bow-Listic Archery Shop,{u'stateAbv': u'WV'}
1126,,Harper's Archery,{u'stateAbv': u'WV'}
1127,,Blacks Run Archery,{u'stateAbv': u'WV'}
1128,,American Archery,{u'stateAbv': u'WV'}
1129,,Blacks Run Archery,{u'stateAbv': u'WV'}
1130,mailto:staff@sportsmansrefuge.com,Sportsman's Refuge Inc,{u'stateAbv': u'WV'}
1131,,Cardinal Pawnbrokers & Sprtng,{u'stateAbv': u'WV'}
1132,,J & T Archery,{u'stateAbv': u'WV'}
1133,,Team Buckhorn Inc,{u'stateAbv': u'WV'}
1134,,Smokin Arrow,{u'stateAbv': u'WV'}
1135,mailto:rob@alexanderarchery.com,Alexander Archery,{u'stateAbv': u'WV'}
1136,,May Arms & Archery,{u'stateAbv': u'WV'}
1137,,Sod Archery Range & Bow Shop,{u'stateAbv': u'WV'}
1138,,Hunters Archery,{u'stateAbv': u'WV'}
1139,,Richie Archery,{u'stateAbv': u'WV'}
1140,mailto:bowcase834@comcast.net,Bowcase Archery Shop,{u'stateAbv': u'WV'}
1141,,Barrows Point Trading Post,{u'stateAbv': u'VT'}
1142,mailto:rlarchery@aol.com,R&L Archery,{u'stateAbv': u'VT'}
1143,,Putney Dam Archery,{u'stateAbv': u'VT'}
1144,mailto:Whitestailarchery@yahoo.com,Whitetail Archery Shop,{u'stateAbv': u'VT'}
1145,mailto:crookedcreekarchery@yahoo.com,Crooked Creek Archery,{u'stateAbv': u'WV'}
1146,,Barrows Point Trading Post,{u'stateAbv': u'VT'}
1147,mailto:duffer@pelkeysarchery.com,Pelkey's Archery Inc,{u'stateAbv': u'VT'}
1148,,Humphries Archery,{u'stateAbv': u'UT'}
1149,,Rick's Gun Shop,{u'stateAbv': u'VT'}
1150,,Wasatch archery Shop,{u'stateAbv': u'UT'}
1151,mailto:backcountryarchery@yahoo.com,Back Country Archery,{u'stateAbv': u'UT'}
1152,,Lightning Archery,{u'stateAbv': u'UT'}
1153,,Country Boy Archery,{u'stateAbv': u'WV'}
1154,mailto:ganskev@gmail.com,General Army Navy Outdoor,{u'stateAbv': u'UT'}
1155,,Gold Tip Corp,{u'stateAbv': u'UT'}
1156,mailto:customerservice@sportsmanswarehouse.com,Sportsman's Warehouse,{u'stateAbv': u'UT'}
1157,mailto:trophys@wildearrowarchery.com,Wilde Arrow Archery,{u'stateAbv': u'UT'}
1158,mailto:info@binghamprojects.com,Bingham Projects Inc,{u'stateAbv': u'UT'}
1159,mailto:customerservice@sportsmanswarehouse.com,Sportsman's Warehouse,{u'stateAbv': u'UT'}
1160,,Skyline Stick Custom Bows,{u'stateAbv': u'UT'}
1161,mailto:rmsproshop@aol.com,Tou Archary,{u'stateAbv': u'UT'}
1162,,The Archery Shop,{u'stateAbv': u'UT'}
1163,,Archery Insulation,{u'stateAbv': u'UT'}
1164,,Archery Contracting,{u'stateAbv': u'UT'}
1165,mailto:ArcheryContracting@gmail.com,Archery Contracting Inc,{u'stateAbv': u'UT'}
1166,mailto:larry@saltlakearchery.com,Salt Lake Archery & Sporting Goods Co,{u'stateAbv': u'UT'}
1167,mailto:mtifft1@gmail.com,Tifft's Trading Post,{u'stateAbv': u'VT'}
1168,mailto:ArcheryContracting@gmail.com,Archery Contracting Inc,{u'stateAbv': u'UT'}
1169,mailto:rmsproshop@aol.com,Top Of Utah Archery,{u'stateAbv': u'UT'}
1170,,Archery Contracting Inc.,{u'stateAbv': u'UT'}
1171,mailto:info@fulldrawslc.com,Full Draw Archery,{u'stateAbv': u'UT'}
1172,mailto:info@darkcanyonarchery.com,Dark Canyon Archery,{u'stateAbv': u'UT'}
1173,mailto:brian@firearmspro.com,Firearms Pro,{u'stateAbv': u'UT'}
1174,mailto:pr@usu.edu,Utah State Government,{u'stateAbv': u'UT'}
1175,,Humphries Archery,{u'stateAbv': u'UT'}
1176,mailto:tntarcherystgeorge@yahoo.com,T Nt Archery Inc,{u'stateAbv': u'UT'}
1177,mailto:sales@humphriesarchery.com,Humphries Archery,{u'stateAbv': u'UT'}
1178,,Dakota Arms LLC,{u'stateAbv': u'SD'}
1179,,Archery Contracting INC,{u'stateAbv': u'UT'}
1180,mailto:info@xpeditionarchery.com,Xpedition Archery,{u'stateAbv': u'SD'}
1181,,Phoenix Archery,{u'stateAbv': u'SD'}
1182,mailto:phillip_johnson@mail.com,Glacial Lakes Archery,{u'stateAbv': u'SD'}
1183,,Al's Archery & Black Powder,{u'stateAbv': u'SD'}
1184,,Bledsoe Charles Archry,{u'stateAbv': u'SD'}
1185,,Dakota Archery & Outdoor Sports,{u'stateAbv': u'SD'}
1186,mailto:phillip_johnson@glaciallakesarchery.com,Glacial Lakes Archery,{u'stateAbv': u'SD'}
1187,,Lorens Archery Shop,{u'stateAbv': u'SD'}
1188,mailto:sodak@nvc.net,Sodak Sports,{u'stateAbv': u'SD'}
1189,,Shot With Arrow Charlie,{u'stateAbv': u'SD'}
1190,,Flatland Archery,{u'stateAbv': u'SD'}
1191,mailto:koneskorner@itctel.com,Kones Korner Gunshop,{u'stateAbv': u'SD'}
1192,,Minnehaha Archers Club,{u'stateAbv': u'SD'}
1193,,Minnehaha Archers Club,{u'stateAbv': u'SD'}
1194,mailto:kbarchery@midconetwork.com,K & B Archery,{u'stateAbv': u'SD'}
1195,,Buckhorn Archery,{u'stateAbv': u'SD'}
1196,mailto:cabelasnews@cabelas.com,Cabela's,{u'stateAbv': u'SD'}
1197,,Whitetail Bowmen Archery Club,{u'stateAbv': u'SD'}
1198,mailto:toppinarcheryloyce@gmail.com,Top Pin Archery,{u'stateAbv': u'SD'}
1199,,Garretson Sportmen Club,{u'stateAbv': u'SD'}
1200,mailto:elisa@archersaddiction.biz,Archer's Addiction,{u'stateAbv': u'SD'}
1201,,Larry's Archery Barn,{u'stateAbv': u'SD'}
1202,mailto:nvollmer@nfaausa.com,National Field Archery Association of United States,{u'stateAbv': u'SD'}
1203,mailto:info@neyac.org,NFAA Easton Yankton Archery Complex,{u'stateAbv': u'SD'}
1204,mailto:taz15562@gmail.com,Arrowhead Outdoors,{u'stateAbv': u'PA'}
1205,,Kj's PRO Archery,{u'stateAbv': u'PA'}
1206,mailto:ArcheryOutfitters@live.com,Archery Outfitters,{u'stateAbv': u'SD'}
1207,,Marchio's Sport Hut Inc,{u'stateAbv': u'PA'}
1208,mailto:alan_higley51@hotmail.com,Higley's Archery,{u'stateAbv': u'PA'}
1209,,Odie's Garage & Archery,{u'stateAbv': u'PA'}
1210,,Up In Arms Shooting Supplies Inc,{u'stateAbv': u'PA'}
1211,,Dean's Archery,{u'stateAbv': u'PA'}
1212,,Broad Mt Archery Club,{u'stateAbv': u'PA'}
1213,mailto:wilarchery@comcast.net,Williams' Archery,{u'stateAbv': u'PA'}
1214,,Shade Mountain Bowmen Inc,{u'stateAbv': u'PA'}
1215,,Lancaster Archery Supply,{u'stateAbv': u'PA'}
1216,,Natures Window,{u'stateAbv': u'PA'}
1217,,Chucks Archery,{u'stateAbv': u'PA'}
1218,,Drop Tine Archery,{u'stateAbv': u'PA'}
1219,mailto:info@wemerbeiter.com,Lancaster Archery Supply,{u'stateAbv': u'PA'}
1220,,Archery At The Glenn,{u'stateAbv': u'PA'}
1221,mailto:kodabow@gmail.com,Kodabow,{u'stateAbv': u'PA'}
1222,,Clarence Archery,{u'stateAbv': u'PA'}
1223,mailto:customerservice@altoonaranges.com,Altoona Indoor Range,{u'stateAbv': u'PA'}
1224,mailto:keystonearchery@gmail.com,Keystone Country Store,{u'stateAbv': u'PA'}
1225,mailto:heritagefirearms@aol.com,Heritage Guild,{u'stateAbv': u'PA'}
1226,mailto:info@route66sportinggoods.com,Route 66 Sporting Goods,{u'stateAbv': u'PA'}
1227,mailto:bobandajsarcheryworld@gmail.com,Bob & AJ's Archery World,{u'stateAbv': u'PA'}
1228,,Ultimate Outdoors,{u'stateAbv': u'PA'}
1229,,Hilltop Archery,{u'stateAbv': u'OK'}
1230,mailto:atozstrings@yahoo.com,Freedom Archery,{u'stateAbv': u'PA'}
1231,mailto:bloodtrailer@hotmail.com,Bloodtrail Archery,{u'stateAbv': u'OK'}
1232,mailto:higherground3006@gmail.com,Higher Ground Tactical,{u'stateAbv': u'PA'}
1233,,King's Pawn & Gun,{u'stateAbv': u'OK'}
1234,mailto:MedlockFirearms@spcglobal.net,Medlock Firearms,{u'stateAbv': u'OK'}
1235,mailto:davenport_archery@windstream.net,Davenport Archery & Sport Ctr,{u'stateAbv': u'OK'}
1236,,Coyote Bluff Archery,{u'stateAbv': u'OK'}
1237,,Bert's Bows,{u'stateAbv': u'OK'}
1238,mailto:info@archeryaddictions.com,Archery Addictions,{u'stateAbv': u'PA'}
1239,mailto:thearrowshop@yahoo.com,Arrow Shop,{u'stateAbv': u'OK'}
1240,mailto:ContactUs@hhshootingsports.com,H & H Shooting Sports,{u'stateAbv': u'OK'}
1241,mailto:info@tombstonefirearmsandarchery.com,Tombstone Firearms,{u'stateAbv': u'OK'}
1242,,Legion Archery,{u'stateAbv': u'OK'}
1243,,Choctaw Archery,{u'stateAbv': u'OK'}
1244,,Stoney Hollow Defense Solutions LLC,{u'stateAbv': u'OK'}
1245,,Tulsa Archery Coach,{u'stateAbv': u'OK'}
1246,mailto:labweaponry@gmail.com,Lab Weaponry,{u'stateAbv': u'OK'}
1247,mailto:jason@jparchery.com,J P Archery,{u'stateAbv': u'OK'}
1248,,Archers Den,{u'stateAbv': u'OK'}
1249,mailto:legionarchery@yahoo.com,Legion Archery,{u'stateAbv': u'OK'}
1250,mailto:archery_outpost@yahoo.com,Archery Outpost,{u'stateAbv': u'OK'}
1251,,Not Just Surplus,{u'stateAbv': u'OK'}
1252,,Tabe's Archery & Pro Shop,{u'stateAbv': u'OK'}
1253,mailto:matt@patsacheryok.com,Pat's Archery,{u'stateAbv': u'OK'}
1254,,Arrowhead Archery Pro Shop,{u'stateAbv': u'OK'}
1255,mailto:mikesarchery@dobsonteleco.com,Mike's Archery & Reloading Supplies,{u'stateAbv': u'OK'}
1256,mailto:midwesttax1617@gmail.com,Midwest Taxidermy,{u'stateAbv': u'OK'}
1257,mailto:support@bowproshop.com,Bow Pro Shop,{u'stateAbv': u'OK'}
1258,mailto:web@winnerschoicestrings.com,Winner's Choice,{u'stateAbv': u'OR'}
1259,,Mikes Archery Unlimited,{u'stateAbv': u'OR'}
1260,,The Outdoorsman,{u'stateAbv': u'OR'}
1261,,Bow Shop,{u'stateAbv': u'OR'}
1262,mailto:billssportinggoods@tulsacoxmail.com,Bill's Sporting Goods,{u'stateAbv': u'OK'}
1263,,Salem Wood Products,{u'stateAbv': u'OR'}
1264,mailto:office@camptilikum.org,Camp Tilikum,{u'stateAbv': u'OR'}
1265,,Bowmen Band,{u'stateAbv': u'OR'}
1266,,Kutch Archery,{u'stateAbv': u'OR'}
1267,mailto:bobthearcher@gmail.com,Cascadian Bowmen,{u'stateAbv': u'OR'}
1268,mailto:wes@weswallacebows.com,Costom Bows By Wes Wallace,{u'stateAbv': u'OR'}
1269,,Xxx Archery,{u'stateAbv': u'OR'}
1270,mailto:competitiveedgejon@gmail.com,Competitive Edge Archery,{u'stateAbv': u'OR'}
1271,mailto:treetoparchery@yahoo.com,Treetop Archery,{u'stateAbv': u'OR'}
1272,mailto:beekmanridgearchery@gmail.com,Beekman Ridge Archery Range,{u'stateAbv': u'OR'}
1273,mailto:info@dewclawarchery.com,Dewclaw Archery Supplies,{u'stateAbv': u'OR'}
1274,,G4 Archery,{u'stateAbv': u'OR'}
1275,mailto:toppinarchery@bendbroadband.com,Top Pin Achery Pro Shop,{u'stateAbv': u'OR'}
1276,,Curt's Archery,{u'stateAbv': u'OR'}
1277,mailto:windyriverarchery@yahoo.com,Windy River Archery Center,{u'stateAbv': u'OR'}
1278,,Ama Archery,{u'stateAbv': u'OR'}
1279,,Top Pin Archery,{u'stateAbv': u'OR'}
1280,mailto:alpinearcheryllc@gmail.com,Alpine Archery,{u'stateAbv': u'OR'}
1281,,Archery Infinity,{u'stateAbv': u'OR'}
1282,mailto:info@thebowrack.com,The Bow Rack,{u'stateAbv': u'OR'}
1283,mailto:brokenarrowarchery@gmail.com,Broken Arrow Archery Inc,{u'stateAbv': u'OR'}
1284,mailto:archeryhut@dswebnet.com,The Archery Hut,{u'stateAbv': u'OR'}
1285,mailto:info@pacificcrestarchery.com,Pacific Crest Archery Pro Shop,{u'stateAbv': u'OR'}
1286,,Big Bear Hunting & Firearms,{u'stateAbv': u'RI'}
1287,,Big Bear Hunting Supply,{u'stateAbv': u'RI'}
1288,mailto:josiah@rossoutdoors.com,Ross Outdoors,{u'stateAbv': u'VI'}
